"","major_genre","title","subgenre","seasons","episodes","viewer_score","rating","company_name"
"1","Animation and Cartoons","Family Guy","Animation and Cartoons~Primetime Animation|Teen|Comedy~Sitcoms",15,288,87,"TV-MA","FOX"
"2","Comedy","South Park","Comedy|Animation and Cartoons~Primetime Animation",20,274,87,"TV-MA","Comedy Central"
"3","Comedy","American Dad!","Comedy~Sitcoms|Animation and Cartoons~Primetime Animation",9,172,82,"TV-14","Fox Television Classics"
"4","Drama","Law & Order: Special Victims Unit","Drama~Crime and Courtroom Drama|Drama~Mystery",18,406,92,"TV-14","NBC"
"5","Anime","Naruto Shippuden","Anime~Anime - Action Adventure|Action and Adventure|International~Japanese",9,597,88,"TV-14","Viz Media"
"6","Comedy","Seinfeld","Comedy~Sitcoms",9,171,87,"TV-PG","Sony Pictures Television"
"7","Comedy","Modern Family","Comedy~Sitcoms|Teen|Family",1,22,93,"TV-14","ABC"
"8","Kids","Adventure Time","Kids|Animation and Cartoons|Teen",7,223,87,"TV-PG","Cartoon Network"
"9","Comedy","Saturday Night Live","Comedy~Sketch Comedy|Comedy~Late Night Comedy",18,370,82,"TV-14","NBC"
"10","Comedy","The Mindy Project","Comedy~Sitcoms",5,107,89,"TV-14","Hulu Original Series"
"11","Comedy","Community","Comedy",6,110,92,"TV-14","Sony Pictures Television"
"12","Drama","Grey's Anatomy","Drama~Medical Drama|Teen",1,24,89,"TV-14","ABC"
"13","Comedy","The Simpsons","Comedy~Sitcoms|Animation and Cartoons~Primetime Animation",1,21,85,"TV-14","FOX"
"14","Comedy","Brooklyn Nine-Nine","Comedy",4,90,91,"TV-14","FOX"
"15","Comedy","Parks and Recreation","Comedy~Sitcoms",7,123,92,"TV-14","NBC"
"16","Kids","The Amazing World of Gumball","Kids|Animation and Cartoons|Family|Teen",4,156,80,"TV-Y7-FV","Cartoon Network"
"17","Animation and Cartoons","Bob's Burgers","Animation and Cartoons~Primetime Animation|Comedy",7,129,86,"TV-14","FOX"
"18","Comedy","New Girl","Comedy~Sitcoms|Teen",1,22,92,"TV-14","FOX"
"19","Drama","Glee","Drama|Music~Musicals|Comedy|Teen",6,121,84,"TV-14","FOX"
"20","Drama","Bones","Drama~Crime and Courtroom Drama",12,246,92,"TV-14","FOX"
"21","Drama","Nashville","Drama|Music~Musicals",5,107,88,"TV-MA","CMT"
"22","Kids","Regular Show","Kids|Animation and Cartoons|Teen",7,217,81,"TV-PG","Cartoon Network"
"23","Drama","Once Upon a Time","Drama|Science Fiction~Science Fiction - Thriller|Teen|Family",1,22,94,"TV-PG","ABC"
"24","Animation and Cartoons","Rick and Morty","Animation and Cartoons~Primetime Animation|Teen",2,21,95,"TV-MA","Adult Swim"
"25","Comedy","Workaholics","Comedy",7,86,92,"TV-MA","Comedy Central"
"26","Anime","Bleach","Anime~Anime - Supernatural and Horror|International~Japanese|Teen",26,732,88,"TV-14","Viz Media"
"27","Anime","One Piece","Anime|International~Japanese",11,747,83,"TV-14","Toei Animation"
"28","Reality and Game Shows","The Voice","Reality and Game Shows~Competition|Music|Teen|Family",0,0,82,"","NBC"
"29","Animation and Cartoons","Doc McStuffins","Animation and Cartoons|Kids",3,92,70,"TV-Y7","Disney Junior"
"30","Reality and Game Shows","Hell's Kitchen","Reality and Game Shows~Competition|Food~Cooking Competitions|Family",0,0,81,"","FOX"
"31","Drama","Empire","Drama~Soap Operas|Music~Musicals",3,48,92,"TV-14","FOX"
"32","Comedy","It's Always Sunny in Philadelphia","Comedy~Sitcoms",11,123,90,"TV-MA","FXX"
"33","Reality and Game Shows","Keeping Up With the Kardashians","Reality and Game Shows~Real Life Drama|Teen",12,181,64,"TV-14","E! Entertainment"
"34","Drama","The Good Wife","Drama~Crime and Courtroom Drama",7,156,91,"TV-14","CBS"
"35","Kids","Curious George","Kids|Comedy|Animation and Cartoons",9,108,72,"TV-G","Universal Television"
"36","Anime","Naruto","Anime~Anime - Action Adventure|International~Japanese",4,440,84,"TV-14","Viz Media"
"37","Comedy","The Goldbergs","Comedy~Sitcoms|Family",4,95,88,"TV-14","ABC"
"38","Comedy","Black-ish","Comedy~Sitcoms|Family",3,72,85,"TV-14","ABC"
"39","Drama","Desperate Housewives","Drama",8,180,74,"TV-14","ABC"
"40","Drama","CSI: Crime Scene Investigation","Drama~Crime and Courtroom Drama",16,337,90,"TV-14","USA"
"41","Animation and Cartoons","Archer","Animation and Cartoons~Primetime Animation|Action and Adventure~Espionage|Comedy",7,85,89,"TV-MA","FXX"
"42","Comedy","Broad City","Comedy",3,30,93,"TV-MA","Comedy Central"
"43","Reality and Game Shows","America's Next Top Model","Reality and Game Shows|Teen",22,283,71,"TV-14","CBS"
"44","Comedy","The Tonight Show Starring Jimmy Fallon","Comedy~Late Night Comedy",1,18,83,"TV-14","NBC"
"45","Comedy","Key & Peele","Comedy~Sketch Comedy",5,53,89,"TV-14","Comedy Central"
"46","Classics","The Golden Girls","Classics|Comedy~Sitcoms",7,180,92,"TV-PG","ABC Studios"
"47","Comedy","Steven Universe","Comedy|Kids|Teen",3,102,88,"TV-PG","Cartoon Network"
"48","Reality and Game Shows","Kitchen Nightmares","Reality and Game Shows~Real Life Drama|Food|Family",6,92,80,"TV-14","FOX"
"49","Comedy","The Last Man on Earth","Comedy|Science Fiction",3,48,87,"TV-14","FOX"
"50","Anime","Yu-Gi-Oh!","Anime~Anime - Tournament|Teen|Videogames",5,236,73,"TV-Y","4K Media"
"51","Drama","Elementary","Drama~Crime and Courtroom Drama",5,120,91,"TV-14","CBS"
"52","Reality and Game Shows","America's Got Talent","Reality and Game Shows~Competition|Teen",1,12,67,"TV-PG","NBC"
"53","Family","Sabrina: The Teenage Witch","Family|Comedy|Teen",7,163,78,"TV-G","CBS"
"54","Reality and Game Shows","Shark Tank","Reality and Game Shows~Real Life Drama|Family",2,5,86,"TV-PG","ABC"
"55","Kids","Teenage Mutant Ninja Turtles","Kids|Animation and Cartoons|Teen",4,100,76,"TV-Y7","Nickelodeon"
"56","Comedy","Arrested Development","Comedy~Sitcoms",3,53,94,"TV-14","Fox Television Classics"
"57","Science Fiction","Stargate SG-1","Science Fiction|Family",10,214,86,"TV-14","MGM"
"58","Anime","Fairy Tail","Anime|International~Japanese",8,349,90,"TV-14","Funimation"
"59","Reality and Game Shows","Top Chef","Reality and Game Shows~Competition|Food~Cooking Competitions|Family",13,203,85,"TV-14","Bravo"
"60","Drama","Scandal","Drama",1,5,94,"TV-14","ABC"
"61","Drama","Smallville","Drama~Romance|Science Fiction|Action and Adventure|Teen|Family",10,218,89,"Not Rated","Warner Bros."
"62","Action and Adventure","Grimm","Action and Adventure|Drama~Mystery|Horror and Suspense|Family",1,5,92,"TV-14","NBC"
"63","Drama","This Is Us","Drama|Comedy~Romantic Comedy",1,18,96,"TV-14","NBC"
"64","Food","MasterChef","Food~Cooking Competitions|Reality and Game Shows|Health and Wellness|Family",1,10,84,"TV-14","FOX"
"65","Kids","The Thundermans","Kids|Teen",3,69,80,"TV-G","Nickelodeon"
"66","Action and Adventure","Vikings","Action and Adventure~Military and War",4,49,96,"TV-14","History"
"67","Drama","Pretty Little Liars","Drama|Teen",1,5,90,"TV-14","Freeform"
"68","Reality and Game Shows","Jersey Shore","Reality and Game Shows~Real Life Drama|Teen",6,74,72,"TV-14","MTV"
"69","Drama","General Hospital","Drama~Soap Operas|Drama~Medical Drama",1,10,76,"TV-14","ABC"
"70","Drama","Blindspot","Drama~Crime and Courtroom Drama|Drama~Mystery",2,45,90,"TV-14","NBC"
"71","Comedy","Happy Endings","Comedy",3,57,87,"TV-14","Sony Pictures Television"
"72","Reality and Game Shows","Catfish: The TV Show","Reality and Game Shows~Real Life Drama|Teen",5,77,84,"TV-14","MTV"
"73","News and Information","Jimmy Kimmel Live","News and Information~Talk and Interview|Comedy~Late Night Comedy",1,16,66,"TV-14","ABC"
"74","Animation and Cartoons","The Cleveland Show","Animation and Cartoons~Primetime Animation|Comedy~Sitcoms",4,88,72,"TV-14","FOX"
"75","Health and Wellness","Project Runway","Health and Wellness|Reality and Game Shows~Competition|Lifestyle~Fashion and Beauty|Teen|Family",6,88,78,"TV-PG","Lifetime"
"76","Teen","Survivor","Teen|Reality and Game Shows~Competition|Family",21,319,80,"TV-14","CBS"
"77","Drama","Homeland","Drama",6,72,94,"TV-MA","SHOWTIME"
"78","Comedy","Awkward.","Comedy|Teen",5,89,90,"TV-14","MTV"
"79","Comedy","Fresh off the Boat","Comedy~Sitcoms|Family",3,60,88,"TV-PG","ABC"
"80","Comedy","Last Man Standing","Comedy|Family",1,22,88,"TV-PG","ABC"
"81","Reality and Game Shows","Dancing With the Stars","Reality and Game Shows~Competition|Family",0,0,65,"","ABC"
"82","Comedy","Reba","Comedy|Family",4,90,82,"Not Rated","Fox Television Classics"
"83","Reality and Game Shows","The Bachelorette","Reality and Game Shows",1,5,62,"TV-14","ABC"
"84","Reality and Game Shows","The Bachelor","Reality and Game Shows",0,0,59,"","ABC"
"85","Comedy","The Middle","Comedy|Family|Teen",1,5,85,"TV-PG","ABC"
"86","Comedy","Superstore","Comedy~Sitcoms|Family",1,22,89,"TV-14","NBC"
"87","Drama","Sleepy Hollow","Drama",4,62,91,"TV-14","FOX"
"88","Drama","Chicago Fire","Drama",1,5,93,"TV-14","NBC"
"89","Drama","Private Practice","Drama~Medical Drama|Health and Wellness",6,111,85,"TV-14","ABC"
"90","Drama","Lucifer","Drama",2,31,93,"TV-14","FOX"
"91","Drama","The O.C.","Drama|Drama~Romance|Teen",4,92,81,"TV-14","Warner Bros."
"92","Comedy","Inside Amy Schumer","Comedy~Sketch Comedy",4,39,75,"TV-MA","Comedy Central"
"93","Drama","Rizzoli & Isles","Drama~Police Drama|Drama~Medical Drama",7,105,89,"TV-14","TNT"
"94","Animation and Cartoons","Rugrats","Animation and Cartoons~Saturday Morning Cartoons|Kids",9,166,77,"TV-Y","Nickelodeon"
"95","Drama","Blue Bloods","Drama~Police Drama",7,155,91,"TV-14","CBS"
"96","Animation and Cartoons","Rabbids Invasion","Animation and Cartoons|Videogames|Kids",2,52,69,"TV-Y7","Nickelodeon"
"97","Comedy","Frasier","Comedy~Sitcoms",11,264,85,"TV-PG","CBS"
"98","Animation and Cartoons","Gravity Falls","Animation and Cartoons|Kids",2,40,92,"TV-Y7","Disney XD"
"99","Drama","Mistresses","Drama",4,52,86,"TV-14","ABC"
"100","Drama","Gotham","Drama",1,5,92,"TV-14","FOX"
"101","Comedy","South Park","Comedy|Animation and Cartoons~Primetime Animation",20,274,87,"TV-MA","Comedy Central"
"102","Comedy","American Dad!","Comedy~Sitcoms|Animation and Cartoons~Primetime Animation",9,172,82,"TV-14","Fox Television Classics"
"103","Drama","Law & Order: Special Victims Unit","Drama~Crime and Courtroom Drama|Drama~Mystery",18,406,92,"TV-14","NBC"
"104","Anime","Naruto Shippuden","Anime~Anime - Action Adventure|Action and Adventure|International~Japanese",9,597,88,"TV-14","Viz Media"
"105","Comedy","Seinfeld","Comedy~Sitcoms",9,171,87,"TV-PG","Sony Pictures Television"
"106","Comedy","Modern Family","Comedy~Sitcoms|Teen|Family",1,22,93,"TV-14","ABC"
"107","Kids","Adventure Time","Kids|Animation and Cartoons|Teen",7,223,87,"TV-PG","Cartoon Network"
"108","Comedy","Saturday Night Live","Comedy~Sketch Comedy|Comedy~Late Night Comedy",18,370,82,"TV-14","NBC"
"109","Comedy","The Mindy Project","Comedy~Sitcoms",5,107,89,"TV-14","Hulu Original Series"
"110","Comedy","Community","Comedy",6,110,92,"TV-14","Sony Pictures Television"
"111","Drama","Grey's Anatomy","Drama~Medical Drama|Teen",1,24,89,"TV-14","ABC"
"112","Comedy","The Simpsons","Comedy~Sitcoms|Animation and Cartoons~Primetime Animation",1,21,85,"TV-14","FOX"
"113","Comedy","Brooklyn Nine-Nine","Comedy",4,90,91,"TV-14","FOX"
"114","Comedy","Parks and Recreation","Comedy~Sitcoms",7,123,92,"TV-14","NBC"
"115","Kids","The Amazing World of Gumball","Kids|Animation and Cartoons|Family|Teen",4,156,80,"TV-Y7-FV","Cartoon Network"
"116","Animation and Cartoons","Bob's Burgers","Animation and Cartoons~Primetime Animation|Comedy",7,129,86,"TV-14","FOX"
"117","Comedy","New Girl","Comedy~Sitcoms|Teen",1,22,92,"TV-14","FOX"
"118","Drama","Glee","Drama|Music~Musicals|Comedy|Teen",6,121,84,"TV-14","FOX"
"119","Drama","Bones","Drama~Crime and Courtroom Drama",12,246,92,"TV-14","FOX"
"120","Drama","Nashville","Drama|Music~Musicals",5,107,88,"TV-MA","CMT"
"121","Kids","Regular Show","Kids|Animation and Cartoons|Teen",7,217,81,"TV-PG","Cartoon Network"
"122","Drama","Once Upon a Time","Drama|Science Fiction~Science Fiction - Thriller|Teen|Family",1,22,94,"TV-PG","ABC"
"123","Animation and Cartoons","Rick and Morty","Animation and Cartoons~Primetime Animation|Teen",2,21,95,"TV-MA","Adult Swim"
"124","Comedy","Workaholics","Comedy",7,86,92,"TV-MA","Comedy Central"
"125","Anime","Bleach","Anime~Anime - Supernatural and Horror|International~Japanese|Teen",26,732,88,"TV-14","Viz Media"
"126","Anime","One Piece","Anime|International~Japanese",11,747,83,"TV-14","Toei Animation"
"127","Reality and Game Shows","The Voice","Reality and Game Shows~Competition|Music|Teen|Family",0,0,82,"","NBC"
"128","Animation and Cartoons","Doc McStuffins","Animation and Cartoons|Kids",3,92,70,"TV-Y7","Disney Junior"
"129","Reality and Game Shows","Hell's Kitchen","Reality and Game Shows~Competition|Food~Cooking Competitions|Family",0,0,81,"","FOX"
"130","Drama","Empire","Drama~Soap Operas|Music~Musicals",3,48,92,"TV-14","FOX"
"131","Comedy","It's Always Sunny in Philadelphia","Comedy~Sitcoms",11,123,90,"TV-MA","FXX"
"132","Reality and Game Shows","Keeping Up With the Kardashians","Reality and Game Shows~Real Life Drama|Teen",12,181,64,"TV-14","E! Entertainment"
"133","Drama","The Good Wife","Drama~Crime and Courtroom Drama",7,156,91,"TV-14","CBS"
"134","Kids","Curious George","Kids|Comedy|Animation and Cartoons",9,108,72,"TV-G","Universal Television"
"135","Anime","Naruto","Anime~Anime - Action Adventure|International~Japanese",4,440,84,"TV-14","Viz Media"
"136","Comedy","The Goldbergs","Comedy~Sitcoms|Family",4,95,88,"TV-14","ABC"
"137","Comedy","Black-ish","Comedy~Sitcoms|Family",3,72,85,"TV-14","ABC"
"138","Drama","Desperate Housewives","Drama",8,180,74,"TV-14","ABC"
"139","Drama","CSI: Crime Scene Investigation","Drama~Crime and Courtroom Drama",16,337,90,"TV-14","USA"
"140","Animation and Cartoons","Archer","Animation and Cartoons~Primetime Animation|Action and Adventure~Espionage|Comedy",7,85,89,"TV-MA","FXX"
"141","Comedy","Broad City","Comedy",3,30,93,"TV-MA","Comedy Central"
"142","Reality and Game Shows","America's Next Top Model","Reality and Game Shows|Teen",22,283,71,"TV-14","CBS"
"143","Comedy","The Tonight Show Starring Jimmy Fallon","Comedy~Late Night Comedy",1,18,83,"TV-14","NBC"
"144","Comedy","Key & Peele","Comedy~Sketch Comedy",5,53,89,"TV-14","Comedy Central"
"145","Classics","The Golden Girls","Classics|Comedy~Sitcoms",7,180,92,"TV-PG","ABC Studios"
"146","Comedy","Steven Universe","Comedy|Kids|Teen",3,102,88,"TV-PG","Cartoon Network"
"147","Reality and Game Shows","Kitchen Nightmares","Reality and Game Shows~Real Life Drama|Food|Family",6,92,80,"TV-14","FOX"
"148","Comedy","The Last Man on Earth","Comedy|Science Fiction",3,48,87,"TV-14","FOX"
"149","Anime","Yu-Gi-Oh!","Anime~Anime - Tournament|Teen|Videogames",5,236,73,"TV-Y","4K Media"
"150","Drama","Elementary","Drama~Crime and Courtroom Drama",5,120,91,"TV-14","CBS"
"151","Reality and Game Shows","America's Got Talent","Reality and Game Shows~Competition|Teen",1,12,67,"TV-PG","NBC"
"152","Family","Sabrina: The Teenage Witch","Family|Comedy|Teen",7,163,78,"TV-G","CBS"
"153","Reality and Game Shows","Shark Tank","Reality and Game Shows~Real Life Drama|Family",2,5,86,"TV-PG","ABC"
"154","Kids","Teenage Mutant Ninja Turtles","Kids|Animation and Cartoons|Teen",4,100,76,"TV-Y7","Nickelodeon"
"155","Comedy","Arrested Development","Comedy~Sitcoms",3,53,94,"TV-14","Fox Television Classics"
"156","Science Fiction","Stargate SG-1","Science Fiction|Family",10,214,86,"TV-14","MGM"
"157","Anime","Fairy Tail","Anime|International~Japanese",8,349,90,"TV-14","Funimation"
"158","Reality and Game Shows","Top Chef","Reality and Game Shows~Competition|Food~Cooking Competitions|Family",13,203,85,"TV-14","Bravo"
"159","Drama","Scandal","Drama",1,5,94,"TV-14","ABC"
"160","Drama","Smallville","Drama~Romance|Science Fiction|Action and Adventure|Teen|Family",10,218,89,"Not Rated","Warner Bros."
"161","Action and Adventure","Grimm","Action and Adventure|Drama~Mystery|Horror and Suspense|Family",1,5,92,"TV-14","NBC"
"162","Drama","This Is Us","Drama|Comedy~Romantic Comedy",1,18,96,"TV-14","NBC"
"163","Food","MasterChef","Food~Cooking Competitions|Reality and Game Shows|Health and Wellness|Family",1,10,84,"TV-14","FOX"
"164","Kids","The Thundermans","Kids|Teen",3,69,80,"TV-G","Nickelodeon"
"165","Action and Adventure","Vikings","Action and Adventure~Military and War",4,49,96,"TV-14","History"
"166","Drama","Pretty Little Liars","Drama|Teen",1,5,90,"TV-14","Freeform"
"167","Reality and Game Shows","Jersey Shore","Reality and Game Shows~Real Life Drama|Teen",6,74,72,"TV-14","MTV"
"168","Drama","General Hospital","Drama~Soap Operas|Drama~Medical Drama",1,10,76,"TV-14","ABC"
"169","Drama","Blindspot","Drama~Crime and Courtroom Drama|Drama~Mystery",2,45,90,"TV-14","NBC"
"170","Comedy","Happy Endings","Comedy",3,57,87,"TV-14","Sony Pictures Television"
"171","Reality and Game Shows","Catfish: The TV Show","Reality and Game Shows~Real Life Drama|Teen",5,77,84,"TV-14","MTV"
"172","News and Information","Jimmy Kimmel Live","News and Information~Talk and Interview|Comedy~Late Night Comedy",1,16,66,"TV-14","ABC"
"173","Animation and Cartoons","The Cleveland Show","Animation and Cartoons~Primetime Animation|Comedy~Sitcoms",4,88,72,"TV-14","FOX"
"174","Health and Wellness","Project Runway","Health and Wellness|Reality and Game Shows~Competition|Lifestyle~Fashion and Beauty|Teen|Family",6,88,78,"TV-PG","Lifetime"
"175","Teen","Survivor","Teen|Reality and Game Shows~Competition|Family",21,319,80,"TV-14","CBS"
"176","Drama","Homeland","Drama",6,72,94,"TV-MA","SHOWTIME"
"177","Comedy","Awkward.","Comedy|Teen",5,89,90,"TV-14","MTV"
"178","Comedy","Fresh off the Boat","Comedy~Sitcoms|Family",3,60,88,"TV-PG","ABC"
"179","Comedy","Last Man Standing","Comedy|Family",1,22,88,"TV-PG","ABC"
"180","Reality and Game Shows","Dancing With the Stars","Reality and Game Shows~Competition|Family",0,0,65,"","ABC"
"181","Comedy","Reba","Comedy|Family",4,90,82,"Not Rated","Fox Television Classics"
"182","Reality and Game Shows","The Bachelorette","Reality and Game Shows",1,5,62,"TV-14","ABC"
"183","Reality and Game Shows","The Bachelor","Reality and Game Shows",0,0,59,"","ABC"
"184","Comedy","The Middle","Comedy|Family|Teen",1,5,85,"TV-PG","ABC"
"185","Comedy","Superstore","Comedy~Sitcoms|Family",1,22,89,"TV-14","NBC"
"186","Drama","Sleepy Hollow","Drama",4,62,91,"TV-14","FOX"
"187","Drama","Chicago Fire","Drama",1,5,93,"TV-14","NBC"
"188","Drama","Private Practice","Drama~Medical Drama|Health and Wellness",6,111,85,"TV-14","ABC"
"189","Drama","Lucifer","Drama",2,31,93,"TV-14","FOX"
"190","Drama","The O.C.","Drama|Drama~Romance|Teen",4,92,81,"TV-14","Warner Bros."
"191","Comedy","Inside Amy Schumer","Comedy~Sketch Comedy",4,39,75,"TV-MA","Comedy Central"
"192","Drama","Rizzoli & Isles","Drama~Police Drama|Drama~Medical Drama",7,105,89,"TV-14","TNT"
"193","Animation and Cartoons","Rugrats","Animation and Cartoons~Saturday Morning Cartoons|Kids",9,166,77,"TV-Y","Nickelodeon"
"194","Drama","Blue Bloods","Drama~Police Drama",7,155,91,"TV-14","CBS"
"195","Animation and Cartoons","Rabbids Invasion","Animation and Cartoons|Videogames|Kids",2,52,69,"TV-Y7","Nickelodeon"
"196","Comedy","Frasier","Comedy~Sitcoms",11,264,85,"TV-PG","CBS"
"197","Animation and Cartoons","Gravity Falls","Animation and Cartoons|Kids",2,40,92,"TV-Y7","Disney XD"
"198","Drama","Mistresses","Drama",4,52,86,"TV-14","ABC"
"199","Drama","Gotham","Drama",1,5,92,"TV-14","FOX"
"200","Anime","Inuyasha","Anime|International~Japanese",7,334,87,"TV-14","Viz Media"
"201","Comedy","American Dad!","Comedy~Sitcoms|Animation and Cartoons~Primetime Animation",9,172,82,"TV-14","Fox Television Classics"
"202","Drama","Law & Order: Special Victims Unit","Drama~Crime and Courtroom Drama|Drama~Mystery",18,406,92,"TV-14","NBC"
"203","Anime","Naruto Shippuden","Anime~Anime - Action Adventure|Action and Adventure|International~Japanese",9,597,88,"TV-14","Viz Media"
"204","Comedy","Seinfeld","Comedy~Sitcoms",9,171,87,"TV-PG","Sony Pictures Television"
"205","Comedy","Modern Family","Comedy~Sitcoms|Teen|Family",1,22,93,"TV-14","ABC"
"206","Kids","Adventure Time","Kids|Animation and Cartoons|Teen",7,223,87,"TV-PG","Cartoon Network"
"207","Comedy","Saturday Night Live","Comedy~Sketch Comedy|Comedy~Late Night Comedy",18,370,82,"TV-14","NBC"
"208","Comedy","The Mindy Project","Comedy~Sitcoms",5,107,89,"TV-14","Hulu Original Series"
"209","Comedy","Community","Comedy",6,110,92,"TV-14","Sony Pictures Television"
"210","Drama","Grey's Anatomy","Drama~Medical Drama|Teen",1,24,89,"TV-14","ABC"
"211","Comedy","The Simpsons","Comedy~Sitcoms|Animation and Cartoons~Primetime Animation",1,21,85,"TV-14","FOX"
"212","Comedy","Brooklyn Nine-Nine","Comedy",4,90,91,"TV-14","FOX"
"213","Comedy","Parks and Recreation","Comedy~Sitcoms",7,123,92,"TV-14","NBC"
"214","Kids","The Amazing World of Gumball","Kids|Animation and Cartoons|Family|Teen",4,156,80,"TV-Y7-FV","Cartoon Network"
"215","Animation and Cartoons","Bob's Burgers","Animation and Cartoons~Primetime Animation|Comedy",7,129,86,"TV-14","FOX"
"216","Comedy","New Girl","Comedy~Sitcoms|Teen",1,22,92,"TV-14","FOX"
"217","Drama","Glee","Drama|Music~Musicals|Comedy|Teen",6,121,84,"TV-14","FOX"
"218","Drama","Bones","Drama~Crime and Courtroom Drama",12,246,92,"TV-14","FOX"
"219","Drama","Nashville","Drama|Music~Musicals",5,107,88,"TV-MA","CMT"
"220","Kids","Regular Show","Kids|Animation and Cartoons|Teen",7,217,81,"TV-PG","Cartoon Network"
"221","Drama","Once Upon a Time","Drama|Science Fiction~Science Fiction - Thriller|Teen|Family",1,22,94,"TV-PG","ABC"
"222","Animation and Cartoons","Rick and Morty","Animation and Cartoons~Primetime Animation|Teen",2,21,95,"TV-MA","Adult Swim"
"223","Comedy","Workaholics","Comedy",7,86,92,"TV-MA","Comedy Central"
"224","Anime","Bleach","Anime~Anime - Supernatural and Horror|International~Japanese|Teen",26,732,88,"TV-14","Viz Media"
"225","Anime","One Piece","Anime|International~Japanese",11,747,83,"TV-14","Toei Animation"
"226","Reality and Game Shows","The Voice","Reality and Game Shows~Competition|Music|Teen|Family",0,0,82,"","NBC"
"227","Animation and Cartoons","Doc McStuffins","Animation and Cartoons|Kids",3,92,70,"TV-Y7","Disney Junior"
"228","Reality and Game Shows","Hell's Kitchen","Reality and Game Shows~Competition|Food~Cooking Competitions|Family",0,0,81,"","FOX"
"229","Drama","Empire","Drama~Soap Operas|Music~Musicals",3,48,92,"TV-14","FOX"
"230","Comedy","It's Always Sunny in Philadelphia","Comedy~Sitcoms",11,123,90,"TV-MA","FXX"
"231","Reality and Game Shows","Keeping Up With the Kardashians","Reality and Game Shows~Real Life Drama|Teen",12,181,64,"TV-14","E! Entertainment"
"232","Drama","The Good Wife","Drama~Crime and Courtroom Drama",7,156,91,"TV-14","CBS"
"233","Kids","Curious George","Kids|Comedy|Animation and Cartoons",9,108,72,"TV-G","Universal Television"
"234","Anime","Naruto","Anime~Anime - Action Adventure|International~Japanese",4,440,84,"TV-14","Viz Media"
"235","Comedy","The Goldbergs","Comedy~Sitcoms|Family",4,95,88,"TV-14","ABC"
"236","Comedy","Black-ish","Comedy~Sitcoms|Family",3,72,85,"TV-14","ABC"
"237","Drama","Desperate Housewives","Drama",8,180,74,"TV-14","ABC"
"238","Drama","CSI: Crime Scene Investigation","Drama~Crime and Courtroom Drama",16,337,90,"TV-14","USA"
"239","Animation and Cartoons","Archer","Animation and Cartoons~Primetime Animation|Action and Adventure~Espionage|Comedy",7,85,89,"TV-MA","FXX"
"240","Comedy","Broad City","Comedy",3,30,93,"TV-MA","Comedy Central"
"241","Reality and Game Shows","America's Next Top Model","Reality and Game Shows|Teen",22,283,71,"TV-14","CBS"
"242","Comedy","The Tonight Show Starring Jimmy Fallon","Comedy~Late Night Comedy",1,18,83,"TV-14","NBC"
"243","Comedy","Key & Peele","Comedy~Sketch Comedy",5,53,89,"TV-14","Comedy Central"
"244","Classics","The Golden Girls","Classics|Comedy~Sitcoms",7,180,92,"TV-PG","ABC Studios"
"245","Comedy","Steven Universe","Comedy|Kids|Teen",3,102,88,"TV-PG","Cartoon Network"
"246","Reality and Game Shows","Kitchen Nightmares","Reality and Game Shows~Real Life Drama|Food|Family",6,92,80,"TV-14","FOX"
"247","Comedy","The Last Man on Earth","Comedy|Science Fiction",3,48,87,"TV-14","FOX"
"248","Anime","Yu-Gi-Oh!","Anime~Anime - Tournament|Teen|Videogames",5,236,73,"TV-Y","4K Media"
"249","Drama","Elementary","Drama~Crime and Courtroom Drama",5,120,91,"TV-14","CBS"
"250","Reality and Game Shows","America's Got Talent","Reality and Game Shows~Competition|Teen",1,12,67,"TV-PG","NBC"
"251","Family","Sabrina: The Teenage Witch","Family|Comedy|Teen",7,163,78,"TV-G","CBS"
"252","Reality and Game Shows","Shark Tank","Reality and Game Shows~Real Life Drama|Family",2,5,86,"TV-PG","ABC"
"253","Kids","Teenage Mutant Ninja Turtles","Kids|Animation and Cartoons|Teen",4,100,76,"TV-Y7","Nickelodeon"
"254","Comedy","Arrested Development","Comedy~Sitcoms",3,53,94,"TV-14","Fox Television Classics"
"255","Science Fiction","Stargate SG-1","Science Fiction|Family",10,214,86,"TV-14","MGM"
"256","Anime","Fairy Tail","Anime|International~Japanese",8,349,90,"TV-14","Funimation"
"257","Reality and Game Shows","Top Chef","Reality and Game Shows~Competition|Food~Cooking Competitions|Family",13,203,85,"TV-14","Bravo"
"258","Drama","Scandal","Drama",1,5,94,"TV-14","ABC"
"259","Drama","Smallville","Drama~Romance|Science Fiction|Action and Adventure|Teen|Family",10,218,89,"Not Rated","Warner Bros."
"260","Action and Adventure","Grimm","Action and Adventure|Drama~Mystery|Horror and Suspense|Family",1,5,92,"TV-14","NBC"
"261","Drama","This Is Us","Drama|Comedy~Romantic Comedy",1,18,96,"TV-14","NBC"
"262","Food","MasterChef","Food~Cooking Competitions|Reality and Game Shows|Health and Wellness|Family",1,10,84,"TV-14","FOX"
"263","Kids","The Thundermans","Kids|Teen",3,69,80,"TV-G","Nickelodeon"
"264","Action and Adventure","Vikings","Action and Adventure~Military and War",4,49,96,"TV-14","History"
"265","Drama","Pretty Little Liars","Drama|Teen",1,5,90,"TV-14","Freeform"
"266","Reality and Game Shows","Jersey Shore","Reality and Game Shows~Real Life Drama|Teen",6,74,72,"TV-14","MTV"
"267","Drama","General Hospital","Drama~Soap Operas|Drama~Medical Drama",1,10,76,"TV-14","ABC"
"268","Drama","Blindspot","Drama~Crime and Courtroom Drama|Drama~Mystery",2,45,90,"TV-14","NBC"
"269","Comedy","Happy Endings","Comedy",3,57,87,"TV-14","Sony Pictures Television"
"270","Reality and Game Shows","Catfish: The TV Show","Reality and Game Shows~Real Life Drama|Teen",5,77,84,"TV-14","MTV"
"271","News and Information","Jimmy Kimmel Live","News and Information~Talk and Interview|Comedy~Late Night Comedy",1,16,66,"TV-14","ABC"
"272","Animation and Cartoons","The Cleveland Show","Animation and Cartoons~Primetime Animation|Comedy~Sitcoms",4,88,72,"TV-14","FOX"
"273","Health and Wellness","Project Runway","Health and Wellness|Reality and Game Shows~Competition|Lifestyle~Fashion and Beauty|Teen|Family",6,88,78,"TV-PG","Lifetime"
"274","Teen","Survivor","Teen|Reality and Game Shows~Competition|Family",21,319,80,"TV-14","CBS"
"275","Drama","Homeland","Drama",6,72,94,"TV-MA","SHOWTIME"
"276","Comedy","Awkward.","Comedy|Teen",5,89,90,"TV-14","MTV"
"277","Comedy","Fresh off the Boat","Comedy~Sitcoms|Family",3,60,88,"TV-PG","ABC"
"278","Comedy","Last Man Standing","Comedy|Family",1,22,88,"TV-PG","ABC"
"279","Reality and Game Shows","Dancing With the Stars","Reality and Game Shows~Competition|Family",0,0,65,"","ABC"
"280","Comedy","Reba","Comedy|Family",4,90,82,"Not Rated","Fox Television Classics"
"281","Reality and Game Shows","The Bachelorette","Reality and Game Shows",1,5,62,"TV-14","ABC"
"282","Reality and Game Shows","The Bachelor","Reality and Game Shows",0,0,59,"","ABC"
"283","Comedy","The Middle","Comedy|Family|Teen",1,5,85,"TV-PG","ABC"
"284","Comedy","Superstore","Comedy~Sitcoms|Family",1,22,89,"TV-14","NBC"
"285","Drama","Sleepy Hollow","Drama",4,62,91,"TV-14","FOX"
"286","Drama","Chicago Fire","Drama",1,5,93,"TV-14","NBC"
"287","Drama","Private Practice","Drama~Medical Drama|Health and Wellness",6,111,85,"TV-14","ABC"
"288","Drama","Lucifer","Drama",2,31,93,"TV-14","FOX"
"289","Drama","The O.C.","Drama|Drama~Romance|Teen",4,92,81,"TV-14","Warner Bros."
"290","Comedy","Inside Amy Schumer","Comedy~Sketch Comedy",4,39,75,"TV-MA","Comedy Central"
"291","Drama","Rizzoli & Isles","Drama~Police Drama|Drama~Medical Drama",7,105,89,"TV-14","TNT"
"292","Animation and Cartoons","Rugrats","Animation and Cartoons~Saturday Morning Cartoons|Kids",9,166,77,"TV-Y","Nickelodeon"
"293","Drama","Blue Bloods","Drama~Police Drama",7,155,91,"TV-14","CBS"
"294","Animation and Cartoons","Rabbids Invasion","Animation and Cartoons|Videogames|Kids",2,52,69,"TV-Y7","Nickelodeon"
"295","Comedy","Frasier","Comedy~Sitcoms",11,264,85,"TV-PG","CBS"
"296","Animation and Cartoons","Gravity Falls","Animation and Cartoons|Kids",2,40,92,"TV-Y7","Disney XD"
"297","Drama","Mistresses","Drama",4,52,86,"TV-14","ABC"
"298","Drama","Gotham","Drama",1,5,92,"TV-14","FOX"
"299","Anime","Inuyasha","Anime|International~Japanese",7,334,87,"TV-14","Viz Media"
"300","Animation and Cartoons","Clarence","Animation and Cartoons|Kids",2,77,67,"TV-PG","Cartoon Network"
"301","Drama","Law & Order: Special Victims Unit","Drama~Crime and Courtroom Drama|Drama~Mystery",18,406,92,"TV-14","NBC"
"302","Anime","Naruto Shippuden","Anime~Anime - Action Adventure|Action and Adventure|International~Japanese",9,597,88,"TV-14","Viz Media"
"303","Comedy","Seinfeld","Comedy~Sitcoms",9,171,87,"TV-PG","Sony Pictures Television"
"304","Comedy","Modern Family","Comedy~Sitcoms|Teen|Family",1,22,93,"TV-14","ABC"
"305","Kids","Adventure Time","Kids|Animation and Cartoons|Teen",7,223,87,"TV-PG","Cartoon Network"
"306","Comedy","Saturday Night Live","Comedy~Sketch Comedy|Comedy~Late Night Comedy",18,370,82,"TV-14","NBC"
"307","Comedy","The Mindy Project","Comedy~Sitcoms",5,107,89,"TV-14","Hulu Original Series"
"308","Comedy","Community","Comedy",6,110,92,"TV-14","Sony Pictures Television"
"309","Drama","Grey's Anatomy","Drama~Medical Drama|Teen",1,24,89,"TV-14","ABC"
"310","Comedy","The Simpsons","Comedy~Sitcoms|Animation and Cartoons~Primetime Animation",1,21,85,"TV-14","FOX"
"311","Comedy","Brooklyn Nine-Nine","Comedy",4,90,91,"TV-14","FOX"
"312","Comedy","Parks and Recreation","Comedy~Sitcoms",7,123,92,"TV-14","NBC"
"313","Kids","The Amazing World of Gumball","Kids|Animation and Cartoons|Family|Teen",4,156,80,"TV-Y7-FV","Cartoon Network"
"314","Animation and Cartoons","Bob's Burgers","Animation and Cartoons~Primetime Animation|Comedy",7,129,86,"TV-14","FOX"
"315","Comedy","New Girl","Comedy~Sitcoms|Teen",1,22,92,"TV-14","FOX"
"316","Drama","Glee","Drama|Music~Musicals|Comedy|Teen",6,121,84,"TV-14","FOX"
"317","Drama","Bones","Drama~Crime and Courtroom Drama",12,246,92,"TV-14","FOX"
"318","Drama","Nashville","Drama|Music~Musicals",5,107,88,"TV-MA","CMT"
"319","Kids","Regular Show","Kids|Animation and Cartoons|Teen",7,217,81,"TV-PG","Cartoon Network"
"320","Drama","Once Upon a Time","Drama|Science Fiction~Science Fiction - Thriller|Teen|Family",1,22,94,"TV-PG","ABC"
"321","Animation and Cartoons","Rick and Morty","Animation and Cartoons~Primetime Animation|Teen",2,21,95,"TV-MA","Adult Swim"
"322","Comedy","Workaholics","Comedy",7,86,92,"TV-MA","Comedy Central"
"323","Anime","Bleach","Anime~Anime - Supernatural and Horror|International~Japanese|Teen",26,732,88,"TV-14","Viz Media"
"324","Anime","One Piece","Anime|International~Japanese",11,747,83,"TV-14","Toei Animation"
"325","Reality and Game Shows","The Voice","Reality and Game Shows~Competition|Music|Teen|Family",0,0,82,"","NBC"
"326","Animation and Cartoons","Doc McStuffins","Animation and Cartoons|Kids",3,92,70,"TV-Y7","Disney Junior"
"327","Reality and Game Shows","Hell's Kitchen","Reality and Game Shows~Competition|Food~Cooking Competitions|Family",0,0,81,"","FOX"
"328","Drama","Empire","Drama~Soap Operas|Music~Musicals",3,48,92,"TV-14","FOX"
"329","Comedy","It's Always Sunny in Philadelphia","Comedy~Sitcoms",11,123,90,"TV-MA","FXX"
"330","Reality and Game Shows","Keeping Up With the Kardashians","Reality and Game Shows~Real Life Drama|Teen",12,181,64,"TV-14","E! Entertainment"
"331","Drama","The Good Wife","Drama~Crime and Courtroom Drama",7,156,91,"TV-14","CBS"
"332","Kids","Curious George","Kids|Comedy|Animation and Cartoons",9,108,72,"TV-G","Universal Television"
"333","Anime","Naruto","Anime~Anime - Action Adventure|International~Japanese",4,440,84,"TV-14","Viz Media"
"334","Comedy","The Goldbergs","Comedy~Sitcoms|Family",4,95,88,"TV-14","ABC"
"335","Comedy","Black-ish","Comedy~Sitcoms|Family",3,72,85,"TV-14","ABC"
"336","Drama","Desperate Housewives","Drama",8,180,74,"TV-14","ABC"
"337","Drama","CSI: Crime Scene Investigation","Drama~Crime and Courtroom Drama",16,337,90,"TV-14","USA"
"338","Animation and Cartoons","Archer","Animation and Cartoons~Primetime Animation|Action and Adventure~Espionage|Comedy",7,85,89,"TV-MA","FXX"
"339","Comedy","Broad City","Comedy",3,30,93,"TV-MA","Comedy Central"
"340","Reality and Game Shows","America's Next Top Model","Reality and Game Shows|Teen",22,283,71,"TV-14","CBS"
"341","Comedy","The Tonight Show Starring Jimmy Fallon","Comedy~Late Night Comedy",1,18,83,"TV-14","NBC"
"342","Comedy","Key & Peele","Comedy~Sketch Comedy",5,53,89,"TV-14","Comedy Central"
"343","Classics","The Golden Girls","Classics|Comedy~Sitcoms",7,180,92,"TV-PG","ABC Studios"
"344","Comedy","Steven Universe","Comedy|Kids|Teen",3,102,88,"TV-PG","Cartoon Network"
"345","Reality and Game Shows","Kitchen Nightmares","Reality and Game Shows~Real Life Drama|Food|Family",6,92,80,"TV-14","FOX"
"346","Comedy","The Last Man on Earth","Comedy|Science Fiction",3,48,87,"TV-14","FOX"
"347","Anime","Yu-Gi-Oh!","Anime~Anime - Tournament|Teen|Videogames",5,236,73,"TV-Y","4K Media"
"348","Drama","Elementary","Drama~Crime and Courtroom Drama",5,120,91,"TV-14","CBS"
"349","Reality and Game Shows","America's Got Talent","Reality and Game Shows~Competition|Teen",1,12,67,"TV-PG","NBC"
"350","Family","Sabrina: The Teenage Witch","Family|Comedy|Teen",7,163,78,"TV-G","CBS"
"351","Reality and Game Shows","Shark Tank","Reality and Game Shows~Real Life Drama|Family",2,5,86,"TV-PG","ABC"
"352","Kids","Teenage Mutant Ninja Turtles","Kids|Animation and Cartoons|Teen",4,100,76,"TV-Y7","Nickelodeon"
"353","Comedy","Arrested Development","Comedy~Sitcoms",3,53,94,"TV-14","Fox Television Classics"
"354","Science Fiction","Stargate SG-1","Science Fiction|Family",10,214,86,"TV-14","MGM"
"355","Anime","Fairy Tail","Anime|International~Japanese",8,349,90,"TV-14","Funimation"
"356","Reality and Game Shows","Top Chef","Reality and Game Shows~Competition|Food~Cooking Competitions|Family",13,203,85,"TV-14","Bravo"
"357","Drama","Scandal","Drama",1,5,94,"TV-14","ABC"
"358","Drama","Smallville","Drama~Romance|Science Fiction|Action and Adventure|Teen|Family",10,218,89,"Not Rated","Warner Bros."
"359","Action and Adventure","Grimm","Action and Adventure|Drama~Mystery|Horror and Suspense|Family",1,5,92,"TV-14","NBC"
"360","Drama","This Is Us","Drama|Comedy~Romantic Comedy",1,18,96,"TV-14","NBC"
"361","Food","MasterChef","Food~Cooking Competitions|Reality and Game Shows|Health and Wellness|Family",1,10,84,"TV-14","FOX"
"362","Kids","The Thundermans","Kids|Teen",3,69,80,"TV-G","Nickelodeon"
"363","Action and Adventure","Vikings","Action and Adventure~Military and War",4,49,96,"TV-14","History"
"364","Drama","Pretty Little Liars","Drama|Teen",1,5,90,"TV-14","Freeform"
"365","Reality and Game Shows","Jersey Shore","Reality and Game Shows~Real Life Drama|Teen",6,74,72,"TV-14","MTV"
"366","Drama","General Hospital","Drama~Soap Operas|Drama~Medical Drama",1,10,76,"TV-14","ABC"
"367","Drama","Blindspot","Drama~Crime and Courtroom Drama|Drama~Mystery",2,45,90,"TV-14","NBC"
"368","Comedy","Happy Endings","Comedy",3,57,87,"TV-14","Sony Pictures Television"
"369","Reality and Game Shows","Catfish: The TV Show","Reality and Game Shows~Real Life Drama|Teen",5,77,84,"TV-14","MTV"
"370","News and Information","Jimmy Kimmel Live","News and Information~Talk and Interview|Comedy~Late Night Comedy",1,16,66,"TV-14","ABC"
"371","Animation and Cartoons","The Cleveland Show","Animation and Cartoons~Primetime Animation|Comedy~Sitcoms",4,88,72,"TV-14","FOX"
"372","Health and Wellness","Project Runway","Health and Wellness|Reality and Game Shows~Competition|Lifestyle~Fashion and Beauty|Teen|Family",6,88,78,"TV-PG","Lifetime"
"373","Teen","Survivor","Teen|Reality and Game Shows~Competition|Family",21,319,80,"TV-14","CBS"
"374","Drama","Homeland","Drama",6,72,94,"TV-MA","SHOWTIME"
"375","Comedy","Awkward.","Comedy|Teen",5,89,90,"TV-14","MTV"
"376","Comedy","Fresh off the Boat","Comedy~Sitcoms|Family",3,60,88,"TV-PG","ABC"
"377","Comedy","Last Man Standing","Comedy|Family",1,22,88,"TV-PG","ABC"
"378","Reality and Game Shows","Dancing With the Stars","Reality and Game Shows~Competition|Family",0,0,65,"","ABC"
"379","Comedy","Reba","Comedy|Family",4,90,82,"Not Rated","Fox Television Classics"
"380","Reality and Game Shows","The Bachelorette","Reality and Game Shows",1,5,62,"TV-14","ABC"
"381","Reality and Game Shows","The Bachelor","Reality and Game Shows",0,0,59,"","ABC"
"382","Comedy","The Middle","Comedy|Family|Teen",1,5,85,"TV-PG","ABC"
"383","Comedy","Superstore","Comedy~Sitcoms|Family",1,22,89,"TV-14","NBC"
"384","Drama","Sleepy Hollow","Drama",4,62,91,"TV-14","FOX"
"385","Drama","Chicago Fire","Drama",1,5,93,"TV-14","NBC"
"386","Drama","Private Practice","Drama~Medical Drama|Health and Wellness",6,111,85,"TV-14","ABC"
"387","Drama","Lucifer","Drama",2,31,93,"TV-14","FOX"
"388","Drama","The O.C.","Drama|Drama~Romance|Teen",4,92,81,"TV-14","Warner Bros."
"389","Comedy","Inside Amy Schumer","Comedy~Sketch Comedy",4,39,75,"TV-MA","Comedy Central"
"390","Drama","Rizzoli & Isles","Drama~Police Drama|Drama~Medical Drama",7,105,89,"TV-14","TNT"
"391","Animation and Cartoons","Rugrats","Animation and Cartoons~Saturday Morning Cartoons|Kids",9,166,77,"TV-Y","Nickelodeon"
"392","Drama","Blue Bloods","Drama~Police Drama",7,155,91,"TV-14","CBS"
"393","Animation and Cartoons","Rabbids Invasion","Animation and Cartoons|Videogames|Kids",2,52,69,"TV-Y7","Nickelodeon"
"394","Comedy","Frasier","Comedy~Sitcoms",11,264,85,"TV-PG","CBS"
"395","Animation and Cartoons","Gravity Falls","Animation and Cartoons|Kids",2,40,92,"TV-Y7","Disney XD"
"396","Drama","Mistresses","Drama",4,52,86,"TV-14","ABC"
"397","Drama","Gotham","Drama",1,5,92,"TV-14","FOX"
"398","Anime","Inuyasha","Anime|International~Japanese",7,334,87,"TV-14","Viz Media"
"399","Animation and Cartoons","Clarence","Animation and Cartoons|Kids",2,77,67,"TV-PG","Cartoon Network"
"400","Kids","Drake & Josh","Kids|Comedy",4,47,79,"TV-G","Nickelodeon"
"401","Anime","Naruto Shippuden","Anime~Anime - Action Adventure|Action and Adventure|International~Japanese",9,597,88,"TV-14","Viz Media"
"402","Comedy","Seinfeld","Comedy~Sitcoms",9,171,87,"TV-PG","Sony Pictures Television"
"403","Comedy","Modern Family","Comedy~Sitcoms|Teen|Family",1,22,93,"TV-14","ABC"
"404","Kids","Adventure Time","Kids|Animation and Cartoons|Teen",7,223,87,"TV-PG","Cartoon Network"
"405","Comedy","Saturday Night Live","Comedy~Sketch Comedy|Comedy~Late Night Comedy",18,370,82,"TV-14","NBC"
"406","Comedy","The Mindy Project","Comedy~Sitcoms",5,107,89,"TV-14","Hulu Original Series"
"407","Comedy","Community","Comedy",6,110,92,"TV-14","Sony Pictures Television"
"408","Drama","Grey's Anatomy","Drama~Medical Drama|Teen",1,24,89,"TV-14","ABC"
"409","Comedy","The Simpsons","Comedy~Sitcoms|Animation and Cartoons~Primetime Animation",1,21,85,"TV-14","FOX"
"410","Comedy","Brooklyn Nine-Nine","Comedy",4,90,91,"TV-14","FOX"
"411","Comedy","Parks and Recreation","Comedy~Sitcoms",7,123,92,"TV-14","NBC"
"412","Kids","The Amazing World of Gumball","Kids|Animation and Cartoons|Family|Teen",4,156,80,"TV-Y7-FV","Cartoon Network"
"413","Animation and Cartoons","Bob's Burgers","Animation and Cartoons~Primetime Animation|Comedy",7,129,86,"TV-14","FOX"
"414","Comedy","New Girl","Comedy~Sitcoms|Teen",1,22,92,"TV-14","FOX"
"415","Drama","Glee","Drama|Music~Musicals|Comedy|Teen",6,121,84,"TV-14","FOX"
"416","Drama","Bones","Drama~Crime and Courtroom Drama",12,246,92,"TV-14","FOX"
"417","Drama","Nashville","Drama|Music~Musicals",5,107,88,"TV-MA","CMT"
"418","Kids","Regular Show","Kids|Animation and Cartoons|Teen",7,217,81,"TV-PG","Cartoon Network"
"419","Drama","Once Upon a Time","Drama|Science Fiction~Science Fiction - Thriller|Teen|Family",1,22,94,"TV-PG","ABC"
"420","Animation and Cartoons","Rick and Morty","Animation and Cartoons~Primetime Animation|Teen",2,21,95,"TV-MA","Adult Swim"
"421","Comedy","Workaholics","Comedy",7,86,92,"TV-MA","Comedy Central"
"422","Anime","Bleach","Anime~Anime - Supernatural and Horror|International~Japanese|Teen",26,732,88,"TV-14","Viz Media"
"423","Anime","One Piece","Anime|International~Japanese",11,747,83,"TV-14","Toei Animation"
"424","Reality and Game Shows","The Voice","Reality and Game Shows~Competition|Music|Teen|Family",0,0,82,"","NBC"
"425","Animation and Cartoons","Doc McStuffins","Animation and Cartoons|Kids",3,92,70,"TV-Y7","Disney Junior"
"426","Reality and Game Shows","Hell's Kitchen","Reality and Game Shows~Competition|Food~Cooking Competitions|Family",0,0,81,"","FOX"
"427","Drama","Empire","Drama~Soap Operas|Music~Musicals",3,48,92,"TV-14","FOX"
"428","Comedy","It's Always Sunny in Philadelphia","Comedy~Sitcoms",11,123,90,"TV-MA","FXX"
"429","Reality and Game Shows","Keeping Up With the Kardashians","Reality and Game Shows~Real Life Drama|Teen",12,181,64,"TV-14","E! Entertainment"
"430","Drama","The Good Wife","Drama~Crime and Courtroom Drama",7,156,91,"TV-14","CBS"
"431","Kids","Curious George","Kids|Comedy|Animation and Cartoons",9,108,72,"TV-G","Universal Television"
"432","Anime","Naruto","Anime~Anime - Action Adventure|International~Japanese",4,440,84,"TV-14","Viz Media"
"433","Comedy","The Goldbergs","Comedy~Sitcoms|Family",4,95,88,"TV-14","ABC"
"434","Comedy","Black-ish","Comedy~Sitcoms|Family",3,72,85,"TV-14","ABC"
"435","Drama","Desperate Housewives","Drama",8,180,74,"TV-14","ABC"
"436","Drama","CSI: Crime Scene Investigation","Drama~Crime and Courtroom Drama",16,337,90,"TV-14","USA"
"437","Animation and Cartoons","Archer","Animation and Cartoons~Primetime Animation|Action and Adventure~Espionage|Comedy",7,85,89,"TV-MA","FXX"
"438","Comedy","Broad City","Comedy",3,30,93,"TV-MA","Comedy Central"
"439","Reality and Game Shows","America's Next Top Model","Reality and Game Shows|Teen",22,283,71,"TV-14","CBS"
"440","Comedy","The Tonight Show Starring Jimmy Fallon","Comedy~Late Night Comedy",1,18,83,"TV-14","NBC"
"441","Comedy","Key & Peele","Comedy~Sketch Comedy",5,53,89,"TV-14","Comedy Central"
"442","Classics","The Golden Girls","Classics|Comedy~Sitcoms",7,180,92,"TV-PG","ABC Studios"
"443","Comedy","Steven Universe","Comedy|Kids|Teen",3,102,88,"TV-PG","Cartoon Network"
"444","Reality and Game Shows","Kitchen Nightmares","Reality and Game Shows~Real Life Drama|Food|Family",6,92,80,"TV-14","FOX"
"445","Comedy","The Last Man on Earth","Comedy|Science Fiction",3,48,87,"TV-14","FOX"
"446","Anime","Yu-Gi-Oh!","Anime~Anime - Tournament|Teen|Videogames",5,236,73,"TV-Y","4K Media"
"447","Drama","Elementary","Drama~Crime and Courtroom Drama",5,120,91,"TV-14","CBS"
"448","Reality and Game Shows","America's Got Talent","Reality and Game Shows~Competition|Teen",1,12,67,"TV-PG","NBC"
"449","Family","Sabrina: The Teenage Witch","Family|Comedy|Teen",7,163,78,"TV-G","CBS"
"450","Reality and Game Shows","Shark Tank","Reality and Game Shows~Real Life Drama|Family",2,5,86,"TV-PG","ABC"
"451","Kids","Teenage Mutant Ninja Turtles","Kids|Animation and Cartoons|Teen",4,100,76,"TV-Y7","Nickelodeon"
"452","Comedy","Arrested Development","Comedy~Sitcoms",3,53,94,"TV-14","Fox Television Classics"
"453","Science Fiction","Stargate SG-1","Science Fiction|Family",10,214,86,"TV-14","MGM"
"454","Anime","Fairy Tail","Anime|International~Japanese",8,349,90,"TV-14","Funimation"
"455","Reality and Game Shows","Top Chef","Reality and Game Shows~Competition|Food~Cooking Competitions|Family",13,203,85,"TV-14","Bravo"
"456","Drama","Scandal","Drama",1,5,94,"TV-14","ABC"
"457","Drama","Smallville","Drama~Romance|Science Fiction|Action and Adventure|Teen|Family",10,218,89,"Not Rated","Warner Bros."
"458","Action and Adventure","Grimm","Action and Adventure|Drama~Mystery|Horror and Suspense|Family",1,5,92,"TV-14","NBC"
"459","Drama","This Is Us","Drama|Comedy~Romantic Comedy",1,18,96,"TV-14","NBC"
"460","Food","MasterChef","Food~Cooking Competitions|Reality and Game Shows|Health and Wellness|Family",1,10,84,"TV-14","FOX"
"461","Kids","The Thundermans","Kids|Teen",3,69,80,"TV-G","Nickelodeon"
"462","Action and Adventure","Vikings","Action and Adventure~Military and War",4,49,96,"TV-14","History"
"463","Drama","Pretty Little Liars","Drama|Teen",1,5,90,"TV-14","Freeform"
"464","Reality and Game Shows","Jersey Shore","Reality and Game Shows~Real Life Drama|Teen",6,74,72,"TV-14","MTV"
"465","Drama","General Hospital","Drama~Soap Operas|Drama~Medical Drama",1,10,76,"TV-14","ABC"
"466","Drama","Blindspot","Drama~Crime and Courtroom Drama|Drama~Mystery",2,45,90,"TV-14","NBC"
"467","Comedy","Happy Endings","Comedy",3,57,87,"TV-14","Sony Pictures Television"
"468","Reality and Game Shows","Catfish: The TV Show","Reality and Game Shows~Real Life Drama|Teen",5,77,84,"TV-14","MTV"
"469","News and Information","Jimmy Kimmel Live","News and Information~Talk and Interview|Comedy~Late Night Comedy",1,16,66,"TV-14","ABC"
"470","Animation and Cartoons","The Cleveland Show","Animation and Cartoons~Primetime Animation|Comedy~Sitcoms",4,88,72,"TV-14","FOX"
"471","Health and Wellness","Project Runway","Health and Wellness|Reality and Game Shows~Competition|Lifestyle~Fashion and Beauty|Teen|Family",6,88,78,"TV-PG","Lifetime"
"472","Teen","Survivor","Teen|Reality and Game Shows~Competition|Family",21,319,80,"TV-14","CBS"
"473","Drama","Homeland","Drama",6,72,94,"TV-MA","SHOWTIME"
"474","Comedy","Awkward.","Comedy|Teen",5,89,90,"TV-14","MTV"
"475","Comedy","Fresh off the Boat","Comedy~Sitcoms|Family",3,60,88,"TV-PG","ABC"
"476","Comedy","Last Man Standing","Comedy|Family",1,22,88,"TV-PG","ABC"
"477","Reality and Game Shows","Dancing With the Stars","Reality and Game Shows~Competition|Family",0,0,65,"","ABC"
"478","Comedy","Reba","Comedy|Family",4,90,82,"Not Rated","Fox Television Classics"
"479","Reality and Game Shows","The Bachelorette","Reality and Game Shows",1,5,62,"TV-14","ABC"
"480","Reality and Game Shows","The Bachelor","Reality and Game Shows",0,0,59,"","ABC"
"481","Comedy","The Middle","Comedy|Family|Teen",1,5,85,"TV-PG","ABC"
"482","Comedy","Superstore","Comedy~Sitcoms|Family",1,22,89,"TV-14","NBC"
"483","Drama","Sleepy Hollow","Drama",4,62,91,"TV-14","FOX"
"484","Drama","Chicago Fire","Drama",1,5,93,"TV-14","NBC"
"485","Drama","Private Practice","Drama~Medical Drama|Health and Wellness",6,111,85,"TV-14","ABC"
"486","Drama","Lucifer","Drama",2,31,93,"TV-14","FOX"
"487","Drama","The O.C.","Drama|Drama~Romance|Teen",4,92,81,"TV-14","Warner Bros."
"488","Comedy","Inside Amy Schumer","Comedy~Sketch Comedy",4,39,75,"TV-MA","Comedy Central"
"489","Drama","Rizzoli & Isles","Drama~Police Drama|Drama~Medical Drama",7,105,89,"TV-14","TNT"
"490","Animation and Cartoons","Rugrats","Animation and Cartoons~Saturday Morning Cartoons|Kids",9,166,77,"TV-Y","Nickelodeon"
"491","Drama","Blue Bloods","Drama~Police Drama",7,155,91,"TV-14","CBS"
"492","Animation and Cartoons","Rabbids Invasion","Animation and Cartoons|Videogames|Kids",2,52,69,"TV-Y7","Nickelodeon"
"493","Comedy","Frasier","Comedy~Sitcoms",11,264,85,"TV-PG","CBS"
"494","Animation and Cartoons","Gravity Falls","Animation and Cartoons|Kids",2,40,92,"TV-Y7","Disney XD"
"495","Drama","Mistresses","Drama",4,52,86,"TV-14","ABC"
"496","Drama","Gotham","Drama",1,5,92,"TV-14","FOX"
"497","Anime","Inuyasha","Anime|International~Japanese",7,334,87,"TV-14","Viz Media"
"498","Animation and Cartoons","Clarence","Animation and Cartoons|Kids",2,77,67,"TV-PG","Cartoon Network"
"499","Kids","Drake & Josh","Kids|Comedy",4,47,79,"TV-G","Nickelodeon"
"500","Animation and Cartoons","Hey Arnold!","Animation and Cartoons~Saturday Morning Cartoons|Kids|Teen",5,99,82,"TV-Y7","Nickelodeon"
"501","Comedy","Seinfeld","Comedy~Sitcoms",9,171,87,"TV-PG","Sony Pictures Television"
"502","Comedy","Modern Family","Comedy~Sitcoms|Teen|Family",1,22,93,"TV-14","ABC"
"503","Kids","Adventure Time","Kids|Animation and Cartoons|Teen",7,223,87,"TV-PG","Cartoon Network"
"504","Comedy","Saturday Night Live","Comedy~Sketch Comedy|Comedy~Late Night Comedy",18,370,82,"TV-14","NBC"
"505","Comedy","The Mindy Project","Comedy~Sitcoms",5,107,89,"TV-14","Hulu Original Series"
"506","Comedy","Community","Comedy",6,110,92,"TV-14","Sony Pictures Television"
"507","Drama","Grey's Anatomy","Drama~Medical Drama|Teen",1,24,89,"TV-14","ABC"
"508","Comedy","The Simpsons","Comedy~Sitcoms|Animation and Cartoons~Primetime Animation",1,21,85,"TV-14","FOX"
"509","Comedy","Brooklyn Nine-Nine","Comedy",4,90,91,"TV-14","FOX"
"510","Comedy","Parks and Recreation","Comedy~Sitcoms",7,123,92,"TV-14","NBC"
"511","Kids","The Amazing World of Gumball","Kids|Animation and Cartoons|Family|Teen",4,156,80,"TV-Y7-FV","Cartoon Network"
"512","Animation and Cartoons","Bob's Burgers","Animation and Cartoons~Primetime Animation|Comedy",7,129,86,"TV-14","FOX"
"513","Comedy","New Girl","Comedy~Sitcoms|Teen",1,22,92,"TV-14","FOX"
"514","Drama","Glee","Drama|Music~Musicals|Comedy|Teen",6,121,84,"TV-14","FOX"
"515","Drama","Bones","Drama~Crime and Courtroom Drama",12,246,92,"TV-14","FOX"
"516","Drama","Nashville","Drama|Music~Musicals",5,107,88,"TV-MA","CMT"
"517","Kids","Regular Show","Kids|Animation and Cartoons|Teen",7,217,81,"TV-PG","Cartoon Network"
"518","Drama","Once Upon a Time","Drama|Science Fiction~Science Fiction - Thriller|Teen|Family",1,22,94,"TV-PG","ABC"
"519","Animation and Cartoons","Rick and Morty","Animation and Cartoons~Primetime Animation|Teen",2,21,95,"TV-MA","Adult Swim"
"520","Comedy","Workaholics","Comedy",7,86,92,"TV-MA","Comedy Central"
"521","Anime","Bleach","Anime~Anime - Supernatural and Horror|International~Japanese|Teen",26,732,88,"TV-14","Viz Media"
"522","Anime","One Piece","Anime|International~Japanese",11,747,83,"TV-14","Toei Animation"
"523","Reality and Game Shows","The Voice","Reality and Game Shows~Competition|Music|Teen|Family",0,0,82,"","NBC"
"524","Animation and Cartoons","Doc McStuffins","Animation and Cartoons|Kids",3,92,70,"TV-Y7","Disney Junior"
"525","Reality and Game Shows","Hell's Kitchen","Reality and Game Shows~Competition|Food~Cooking Competitions|Family",0,0,81,"","FOX"
"526","Drama","Empire","Drama~Soap Operas|Music~Musicals",3,48,92,"TV-14","FOX"
"527","Comedy","It's Always Sunny in Philadelphia","Comedy~Sitcoms",11,123,90,"TV-MA","FXX"
"528","Reality and Game Shows","Keeping Up With the Kardashians","Reality and Game Shows~Real Life Drama|Teen",12,181,64,"TV-14","E! Entertainment"
"529","Drama","The Good Wife","Drama~Crime and Courtroom Drama",7,156,91,"TV-14","CBS"
"530","Kids","Curious George","Kids|Comedy|Animation and Cartoons",9,108,72,"TV-G","Universal Television"
"531","Anime","Naruto","Anime~Anime - Action Adventure|International~Japanese",4,440,84,"TV-14","Viz Media"
"532","Comedy","The Goldbergs","Comedy~Sitcoms|Family",4,95,88,"TV-14","ABC"
"533","Comedy","Black-ish","Comedy~Sitcoms|Family",3,72,85,"TV-14","ABC"
"534","Drama","Desperate Housewives","Drama",8,180,74,"TV-14","ABC"
"535","Drama","CSI: Crime Scene Investigation","Drama~Crime and Courtroom Drama",16,337,90,"TV-14","USA"
"536","Animation and Cartoons","Archer","Animation and Cartoons~Primetime Animation|Action and Adventure~Espionage|Comedy",7,85,89,"TV-MA","FXX"
"537","Comedy","Broad City","Comedy",3,30,93,"TV-MA","Comedy Central"
"538","Reality and Game Shows","America's Next Top Model","Reality and Game Shows|Teen",22,283,71,"TV-14","CBS"
"539","Comedy","The Tonight Show Starring Jimmy Fallon","Comedy~Late Night Comedy",1,18,83,"TV-14","NBC"
"540","Comedy","Key & Peele","Comedy~Sketch Comedy",5,53,89,"TV-14","Comedy Central"
"541","Classics","The Golden Girls","Classics|Comedy~Sitcoms",7,180,92,"TV-PG","ABC Studios"
"542","Comedy","Steven Universe","Comedy|Kids|Teen",3,102,88,"TV-PG","Cartoon Network"
"543","Reality and Game Shows","Kitchen Nightmares","Reality and Game Shows~Real Life Drama|Food|Family",6,92,80,"TV-14","FOX"
"544","Comedy","The Last Man on Earth","Comedy|Science Fiction",3,48,87,"TV-14","FOX"
"545","Anime","Yu-Gi-Oh!","Anime~Anime - Tournament|Teen|Videogames",5,236,73,"TV-Y","4K Media"
"546","Drama","Elementary","Drama~Crime and Courtroom Drama",5,120,91,"TV-14","CBS"
"547","Reality and Game Shows","America's Got Talent","Reality and Game Shows~Competition|Teen",1,12,67,"TV-PG","NBC"
"548","Family","Sabrina: The Teenage Witch","Family|Comedy|Teen",7,163,78,"TV-G","CBS"
"549","Reality and Game Shows","Shark Tank","Reality and Game Shows~Real Life Drama|Family",2,5,86,"TV-PG","ABC"
"550","Kids","Teenage Mutant Ninja Turtles","Kids|Animation and Cartoons|Teen",4,100,76,"TV-Y7","Nickelodeon"
"551","Comedy","Arrested Development","Comedy~Sitcoms",3,53,94,"TV-14","Fox Television Classics"
"552","Science Fiction","Stargate SG-1","Science Fiction|Family",10,214,86,"TV-14","MGM"
"553","Anime","Fairy Tail","Anime|International~Japanese",8,349,90,"TV-14","Funimation"
"554","Reality and Game Shows","Top Chef","Reality and Game Shows~Competition|Food~Cooking Competitions|Family",13,203,85,"TV-14","Bravo"
"555","Drama","Scandal","Drama",1,5,94,"TV-14","ABC"
"556","Drama","Smallville","Drama~Romance|Science Fiction|Action and Adventure|Teen|Family",10,218,89,"Not Rated","Warner Bros."
"557","Action and Adventure","Grimm","Action and Adventure|Drama~Mystery|Horror and Suspense|Family",1,5,92,"TV-14","NBC"
"558","Drama","This Is Us","Drama|Comedy~Romantic Comedy",1,18,96,"TV-14","NBC"
"559","Food","MasterChef","Food~Cooking Competitions|Reality and Game Shows|Health and Wellness|Family",1,10,84,"TV-14","FOX"
"560","Kids","The Thundermans","Kids|Teen",3,69,80,"TV-G","Nickelodeon"
"561","Action and Adventure","Vikings","Action and Adventure~Military and War",4,49,96,"TV-14","History"
"562","Drama","Pretty Little Liars","Drama|Teen",1,5,90,"TV-14","Freeform"
"563","Reality and Game Shows","Jersey Shore","Reality and Game Shows~Real Life Drama|Teen",6,74,72,"TV-14","MTV"
"564","Drama","General Hospital","Drama~Soap Operas|Drama~Medical Drama",1,10,76,"TV-14","ABC"
"565","Drama","Blindspot","Drama~Crime and Courtroom Drama|Drama~Mystery",2,45,90,"TV-14","NBC"
"566","Comedy","Happy Endings","Comedy",3,57,87,"TV-14","Sony Pictures Television"
"567","Reality and Game Shows","Catfish: The TV Show","Reality and Game Shows~Real Life Drama|Teen",5,77,84,"TV-14","MTV"
"568","News and Information","Jimmy Kimmel Live","News and Information~Talk and Interview|Comedy~Late Night Comedy",1,16,66,"TV-14","ABC"
"569","Animation and Cartoons","The Cleveland Show","Animation and Cartoons~Primetime Animation|Comedy~Sitcoms",4,88,72,"TV-14","FOX"
"570","Health and Wellness","Project Runway","Health and Wellness|Reality and Game Shows~Competition|Lifestyle~Fashion and Beauty|Teen|Family",6,88,78,"TV-PG","Lifetime"
"571","Teen","Survivor","Teen|Reality and Game Shows~Competition|Family",21,319,80,"TV-14","CBS"
"572","Drama","Homeland","Drama",6,72,94,"TV-MA","SHOWTIME"
"573","Comedy","Awkward.","Comedy|Teen",5,89,90,"TV-14","MTV"
"574","Comedy","Fresh off the Boat","Comedy~Sitcoms|Family",3,60,88,"TV-PG","ABC"
"575","Comedy","Last Man Standing","Comedy|Family",1,22,88,"TV-PG","ABC"
"576","Reality and Game Shows","Dancing With the Stars","Reality and Game Shows~Competition|Family",0,0,65,"","ABC"
"577","Comedy","Reba","Comedy|Family",4,90,82,"Not Rated","Fox Television Classics"
"578","Reality and Game Shows","The Bachelorette","Reality and Game Shows",1,5,62,"TV-14","ABC"
"579","Reality and Game Shows","The Bachelor","Reality and Game Shows",0,0,59,"","ABC"
"580","Comedy","The Middle","Comedy|Family|Teen",1,5,85,"TV-PG","ABC"
"581","Comedy","Superstore","Comedy~Sitcoms|Family",1,22,89,"TV-14","NBC"
"582","Drama","Sleepy Hollow","Drama",4,62,91,"TV-14","FOX"
"583","Drama","Chicago Fire","Drama",1,5,93,"TV-14","NBC"
"584","Drama","Private Practice","Drama~Medical Drama|Health and Wellness",6,111,85,"TV-14","ABC"
"585","Drama","Lucifer","Drama",2,31,93,"TV-14","FOX"
"586","Drama","The O.C.","Drama|Drama~Romance|Teen",4,92,81,"TV-14","Warner Bros."
"587","Comedy","Inside Amy Schumer","Comedy~Sketch Comedy",4,39,75,"TV-MA","Comedy Central"
"588","Drama","Rizzoli & Isles","Drama~Police Drama|Drama~Medical Drama",7,105,89,"TV-14","TNT"
"589","Animation and Cartoons","Rugrats","Animation and Cartoons~Saturday Morning Cartoons|Kids",9,166,77,"TV-Y","Nickelodeon"
"590","Drama","Blue Bloods","Drama~Police Drama",7,155,91,"TV-14","CBS"
"591","Animation and Cartoons","Rabbids Invasion","Animation and Cartoons|Videogames|Kids",2,52,69,"TV-Y7","Nickelodeon"
"592","Comedy","Frasier","Comedy~Sitcoms",11,264,85,"TV-PG","CBS"
"593","Animation and Cartoons","Gravity Falls","Animation and Cartoons|Kids",2,40,92,"TV-Y7","Disney XD"
"594","Drama","Mistresses","Drama",4,52,86,"TV-14","ABC"
"595","Drama","Gotham","Drama",1,5,92,"TV-14","FOX"
"596","Anime","Inuyasha","Anime|International~Japanese",7,334,87,"TV-14","Viz Media"
"597","Animation and Cartoons","Clarence","Animation and Cartoons|Kids",2,77,67,"TV-PG","Cartoon Network"
"598","Kids","Drake & Josh","Kids|Comedy",4,47,79,"TV-G","Nickelodeon"
"599","Animation and Cartoons","Hey Arnold!","Animation and Cartoons~Saturday Morning Cartoons|Kids|Teen",5,99,82,"TV-Y7","Nickelodeon"
"600","Drama","East Los High","Drama|Latino|Teen",4,60,83,"TV-14","Hulu Original Series"
"601","Comedy","Modern Family","Comedy~Sitcoms|Teen|Family",1,22,93,"TV-14","ABC"
"602","Kids","Adventure Time","Kids|Animation and Cartoons|Teen",7,223,87,"TV-PG","Cartoon Network"
"603","Comedy","Saturday Night Live","Comedy~Sketch Comedy|Comedy~Late Night Comedy",18,370,82,"TV-14","NBC"
"604","Comedy","The Mindy Project","Comedy~Sitcoms",5,107,89,"TV-14","Hulu Original Series"
"605","Comedy","Community","Comedy",6,110,92,"TV-14","Sony Pictures Television"
"606","Drama","Grey's Anatomy","Drama~Medical Drama|Teen",1,24,89,"TV-14","ABC"
"607","Comedy","The Simpsons","Comedy~Sitcoms|Animation and Cartoons~Primetime Animation",1,21,85,"TV-14","FOX"
"608","Comedy","Brooklyn Nine-Nine","Comedy",4,90,91,"TV-14","FOX"
"609","Comedy","Parks and Recreation","Comedy~Sitcoms",7,123,92,"TV-14","NBC"
"610","Kids","The Amazing World of Gumball","Kids|Animation and Cartoons|Family|Teen",4,156,80,"TV-Y7-FV","Cartoon Network"
"611","Animation and Cartoons","Bob's Burgers","Animation and Cartoons~Primetime Animation|Comedy",7,129,86,"TV-14","FOX"
"612","Comedy","New Girl","Comedy~Sitcoms|Teen",1,22,92,"TV-14","FOX"
"613","Drama","Glee","Drama|Music~Musicals|Comedy|Teen",6,121,84,"TV-14","FOX"
"614","Drama","Bones","Drama~Crime and Courtroom Drama",12,246,92,"TV-14","FOX"
"615","Drama","Nashville","Drama|Music~Musicals",5,107,88,"TV-MA","CMT"
"616","Kids","Regular Show","Kids|Animation and Cartoons|Teen",7,217,81,"TV-PG","Cartoon Network"
"617","Drama","Once Upon a Time","Drama|Science Fiction~Science Fiction - Thriller|Teen|Family",1,22,94,"TV-PG","ABC"
"618","Animation and Cartoons","Rick and Morty","Animation and Cartoons~Primetime Animation|Teen",2,21,95,"TV-MA","Adult Swim"
"619","Comedy","Workaholics","Comedy",7,86,92,"TV-MA","Comedy Central"
"620","Anime","Bleach","Anime~Anime - Supernatural and Horror|International~Japanese|Teen",26,732,88,"TV-14","Viz Media"
"621","Anime","One Piece","Anime|International~Japanese",11,747,83,"TV-14","Toei Animation"
"622","Reality and Game Shows","The Voice","Reality and Game Shows~Competition|Music|Teen|Family",0,0,82,"","NBC"
"623","Animation and Cartoons","Doc McStuffins","Animation and Cartoons|Kids",3,92,70,"TV-Y7","Disney Junior"
"624","Reality and Game Shows","Hell's Kitchen","Reality and Game Shows~Competition|Food~Cooking Competitions|Family",0,0,81,"","FOX"
"625","Drama","Empire","Drama~Soap Operas|Music~Musicals",3,48,92,"TV-14","FOX"
"626","Comedy","It's Always Sunny in Philadelphia","Comedy~Sitcoms",11,123,90,"TV-MA","FXX"
"627","Reality and Game Shows","Keeping Up With the Kardashians","Reality and Game Shows~Real Life Drama|Teen",12,181,64,"TV-14","E! Entertainment"
"628","Drama","The Good Wife","Drama~Crime and Courtroom Drama",7,156,91,"TV-14","CBS"
"629","Kids","Curious George","Kids|Comedy|Animation and Cartoons",9,108,72,"TV-G","Universal Television"
"630","Anime","Naruto","Anime~Anime - Action Adventure|International~Japanese",4,440,84,"TV-14","Viz Media"
"631","Comedy","The Goldbergs","Comedy~Sitcoms|Family",4,95,88,"TV-14","ABC"
"632","Comedy","Black-ish","Comedy~Sitcoms|Family",3,72,85,"TV-14","ABC"
"633","Drama","Desperate Housewives","Drama",8,180,74,"TV-14","ABC"
"634","Drama","CSI: Crime Scene Investigation","Drama~Crime and Courtroom Drama",16,337,90,"TV-14","USA"
"635","Animation and Cartoons","Archer","Animation and Cartoons~Primetime Animation|Action and Adventure~Espionage|Comedy",7,85,89,"TV-MA","FXX"
"636","Comedy","Broad City","Comedy",3,30,93,"TV-MA","Comedy Central"
"637","Reality and Game Shows","America's Next Top Model","Reality and Game Shows|Teen",22,283,71,"TV-14","CBS"
"638","Comedy","The Tonight Show Starring Jimmy Fallon","Comedy~Late Night Comedy",1,18,83,"TV-14","NBC"
"639","Comedy","Key & Peele","Comedy~Sketch Comedy",5,53,89,"TV-14","Comedy Central"
"640","Classics","The Golden Girls","Classics|Comedy~Sitcoms",7,180,92,"TV-PG","ABC Studios"
"641","Comedy","Steven Universe","Comedy|Kids|Teen",3,102,88,"TV-PG","Cartoon Network"
"642","Reality and Game Shows","Kitchen Nightmares","Reality and Game Shows~Real Life Drama|Food|Family",6,92,80,"TV-14","FOX"
"643","Comedy","The Last Man on Earth","Comedy|Science Fiction",3,48,87,"TV-14","FOX"
"644","Anime","Yu-Gi-Oh!","Anime~Anime - Tournament|Teen|Videogames",5,236,73,"TV-Y","4K Media"
"645","Drama","Elementary","Drama~Crime and Courtroom Drama",5,120,91,"TV-14","CBS"
"646","Reality and Game Shows","America's Got Talent","Reality and Game Shows~Competition|Teen",1,12,67,"TV-PG","NBC"
"647","Family","Sabrina: The Teenage Witch","Family|Comedy|Teen",7,163,78,"TV-G","CBS"
"648","Reality and Game Shows","Shark Tank","Reality and Game Shows~Real Life Drama|Family",2,5,86,"TV-PG","ABC"
"649","Kids","Teenage Mutant Ninja Turtles","Kids|Animation and Cartoons|Teen",4,100,76,"TV-Y7","Nickelodeon"
"650","Comedy","Arrested Development","Comedy~Sitcoms",3,53,94,"TV-14","Fox Television Classics"
"651","Science Fiction","Stargate SG-1","Science Fiction|Family",10,214,86,"TV-14","MGM"
"652","Anime","Fairy Tail","Anime|International~Japanese",8,349,90,"TV-14","Funimation"
"653","Reality and Game Shows","Top Chef","Reality and Game Shows~Competition|Food~Cooking Competitions|Family",13,203,85,"TV-14","Bravo"
"654","Drama","Scandal","Drama",1,5,94,"TV-14","ABC"
"655","Drama","Smallville","Drama~Romance|Science Fiction|Action and Adventure|Teen|Family",10,218,89,"Not Rated","Warner Bros."
"656","Action and Adventure","Grimm","Action and Adventure|Drama~Mystery|Horror and Suspense|Family",1,5,92,"TV-14","NBC"
"657","Drama","This Is Us","Drama|Comedy~Romantic Comedy",1,18,96,"TV-14","NBC"
"658","Food","MasterChef","Food~Cooking Competitions|Reality and Game Shows|Health and Wellness|Family",1,10,84,"TV-14","FOX"
"659","Kids","The Thundermans","Kids|Teen",3,69,80,"TV-G","Nickelodeon"
"660","Action and Adventure","Vikings","Action and Adventure~Military and War",4,49,96,"TV-14","History"
"661","Drama","Pretty Little Liars","Drama|Teen",1,5,90,"TV-14","Freeform"
"662","Reality and Game Shows","Jersey Shore","Reality and Game Shows~Real Life Drama|Teen",6,74,72,"TV-14","MTV"
"663","Drama","General Hospital","Drama~Soap Operas|Drama~Medical Drama",1,10,76,"TV-14","ABC"
"664","Drama","Blindspot","Drama~Crime and Courtroom Drama|Drama~Mystery",2,45,90,"TV-14","NBC"
"665","Comedy","Happy Endings","Comedy",3,57,87,"TV-14","Sony Pictures Television"
"666","Reality and Game Shows","Catfish: The TV Show","Reality and Game Shows~Real Life Drama|Teen",5,77,84,"TV-14","MTV"
"667","News and Information","Jimmy Kimmel Live","News and Information~Talk and Interview|Comedy~Late Night Comedy",1,16,66,"TV-14","ABC"
"668","Animation and Cartoons","The Cleveland Show","Animation and Cartoons~Primetime Animation|Comedy~Sitcoms",4,88,72,"TV-14","FOX"
"669","Health and Wellness","Project Runway","Health and Wellness|Reality and Game Shows~Competition|Lifestyle~Fashion and Beauty|Teen|Family",6,88,78,"TV-PG","Lifetime"
"670","Teen","Survivor","Teen|Reality and Game Shows~Competition|Family",21,319,80,"TV-14","CBS"
"671","Drama","Homeland","Drama",6,72,94,"TV-MA","SHOWTIME"
"672","Comedy","Awkward.","Comedy|Teen",5,89,90,"TV-14","MTV"
"673","Comedy","Fresh off the Boat","Comedy~Sitcoms|Family",3,60,88,"TV-PG","ABC"
"674","Comedy","Last Man Standing","Comedy|Family",1,22,88,"TV-PG","ABC"
"675","Reality and Game Shows","Dancing With the Stars","Reality and Game Shows~Competition|Family",0,0,65,"","ABC"
"676","Comedy","Reba","Comedy|Family",4,90,82,"Not Rated","Fox Television Classics"
"677","Reality and Game Shows","The Bachelorette","Reality and Game Shows",1,5,62,"TV-14","ABC"
"678","Reality and Game Shows","The Bachelor","Reality and Game Shows",0,0,59,"","ABC"
"679","Comedy","The Middle","Comedy|Family|Teen",1,5,85,"TV-PG","ABC"
"680","Comedy","Superstore","Comedy~Sitcoms|Family",1,22,89,"TV-14","NBC"
"681","Drama","Sleepy Hollow","Drama",4,62,91,"TV-14","FOX"
"682","Drama","Chicago Fire","Drama",1,5,93,"TV-14","NBC"
"683","Drama","Private Practice","Drama~Medical Drama|Health and Wellness",6,111,85,"TV-14","ABC"
"684","Drama","Lucifer","Drama",2,31,93,"TV-14","FOX"
"685","Drama","The O.C.","Drama|Drama~Romance|Teen",4,92,81,"TV-14","Warner Bros."
"686","Comedy","Inside Amy Schumer","Comedy~Sketch Comedy",4,39,75,"TV-MA","Comedy Central"
"687","Drama","Rizzoli & Isles","Drama~Police Drama|Drama~Medical Drama",7,105,89,"TV-14","TNT"
"688","Animation and Cartoons","Rugrats","Animation and Cartoons~Saturday Morning Cartoons|Kids",9,166,77,"TV-Y","Nickelodeon"
"689","Drama","Blue Bloods","Drama~Police Drama",7,155,91,"TV-14","CBS"
"690","Animation and Cartoons","Rabbids Invasion","Animation and Cartoons|Videogames|Kids",2,52,69,"TV-Y7","Nickelodeon"
"691","Comedy","Frasier","Comedy~Sitcoms",11,264,85,"TV-PG","CBS"
"692","Animation and Cartoons","Gravity Falls","Animation and Cartoons|Kids",2,40,92,"TV-Y7","Disney XD"
"693","Drama","Mistresses","Drama",4,52,86,"TV-14","ABC"
"694","Drama","Gotham","Drama",1,5,92,"TV-14","FOX"
"695","Anime","Inuyasha","Anime|International~Japanese",7,334,87,"TV-14","Viz Media"
"696","Animation and Cartoons","Clarence","Animation and Cartoons|Kids",2,77,67,"TV-PG","Cartoon Network"
"697","Kids","Drake & Josh","Kids|Comedy",4,47,79,"TV-G","Nickelodeon"
"698","Animation and Cartoons","Hey Arnold!","Animation and Cartoons~Saturday Morning Cartoons|Kids|Teen",5,99,82,"TV-Y7","Nickelodeon"
"699","Drama","East Los High","Drama|Latino|Teen",4,60,83,"TV-14","Hulu Original Series"
"700","Kids","Sesame Street","Kids",3,60,67,"TV-Y","Sesame Street"
"701","Kids","Adventure Time","Kids|Animation and Cartoons|Teen",7,223,87,"TV-PG","Cartoon Network"
"702","Comedy","Saturday Night Live","Comedy~Sketch Comedy|Comedy~Late Night Comedy",18,370,82,"TV-14","NBC"
"703","Comedy","The Mindy Project","Comedy~Sitcoms",5,107,89,"TV-14","Hulu Original Series"
"704","Comedy","Community","Comedy",6,110,92,"TV-14","Sony Pictures Television"
"705","Drama","Grey's Anatomy","Drama~Medical Drama|Teen",1,24,89,"TV-14","ABC"
"706","Comedy","The Simpsons","Comedy~Sitcoms|Animation and Cartoons~Primetime Animation",1,21,85,"TV-14","FOX"
"707","Comedy","Brooklyn Nine-Nine","Comedy",4,90,91,"TV-14","FOX"
"708","Comedy","Parks and Recreation","Comedy~Sitcoms",7,123,92,"TV-14","NBC"
"709","Kids","The Amazing World of Gumball","Kids|Animation and Cartoons|Family|Teen",4,156,80,"TV-Y7-FV","Cartoon Network"
"710","Animation and Cartoons","Bob's Burgers","Animation and Cartoons~Primetime Animation|Comedy",7,129,86,"TV-14","FOX"
"711","Comedy","New Girl","Comedy~Sitcoms|Teen",1,22,92,"TV-14","FOX"
"712","Drama","Glee","Drama|Music~Musicals|Comedy|Teen",6,121,84,"TV-14","FOX"
"713","Drama","Bones","Drama~Crime and Courtroom Drama",12,246,92,"TV-14","FOX"
"714","Drama","Nashville","Drama|Music~Musicals",5,107,88,"TV-MA","CMT"
"715","Kids","Regular Show","Kids|Animation and Cartoons|Teen",7,217,81,"TV-PG","Cartoon Network"
"716","Drama","Once Upon a Time","Drama|Science Fiction~Science Fiction - Thriller|Teen|Family",1,22,94,"TV-PG","ABC"
"717","Animation and Cartoons","Rick and Morty","Animation and Cartoons~Primetime Animation|Teen",2,21,95,"TV-MA","Adult Swim"
"718","Comedy","Workaholics","Comedy",7,86,92,"TV-MA","Comedy Central"
"719","Anime","Bleach","Anime~Anime - Supernatural and Horror|International~Japanese|Teen",26,732,88,"TV-14","Viz Media"
"720","Anime","One Piece","Anime|International~Japanese",11,747,83,"TV-14","Toei Animation"
"721","Reality and Game Shows","The Voice","Reality and Game Shows~Competition|Music|Teen|Family",0,0,82,"","NBC"
"722","Animation and Cartoons","Doc McStuffins","Animation and Cartoons|Kids",3,92,70,"TV-Y7","Disney Junior"
"723","Reality and Game Shows","Hell's Kitchen","Reality and Game Shows~Competition|Food~Cooking Competitions|Family",0,0,81,"","FOX"
"724","Drama","Empire","Drama~Soap Operas|Music~Musicals",3,48,92,"TV-14","FOX"
"725","Comedy","It's Always Sunny in Philadelphia","Comedy~Sitcoms",11,123,90,"TV-MA","FXX"
"726","Reality and Game Shows","Keeping Up With the Kardashians","Reality and Game Shows~Real Life Drama|Teen",12,181,64,"TV-14","E! Entertainment"
"727","Drama","The Good Wife","Drama~Crime and Courtroom Drama",7,156,91,"TV-14","CBS"
"728","Kids","Curious George","Kids|Comedy|Animation and Cartoons",9,108,72,"TV-G","Universal Television"
"729","Anime","Naruto","Anime~Anime - Action Adventure|International~Japanese",4,440,84,"TV-14","Viz Media"
"730","Comedy","The Goldbergs","Comedy~Sitcoms|Family",4,95,88,"TV-14","ABC"
"731","Comedy","Black-ish","Comedy~Sitcoms|Family",3,72,85,"TV-14","ABC"
"732","Drama","Desperate Housewives","Drama",8,180,74,"TV-14","ABC"
"733","Drama","CSI: Crime Scene Investigation","Drama~Crime and Courtroom Drama",16,337,90,"TV-14","USA"
"734","Animation and Cartoons","Archer","Animation and Cartoons~Primetime Animation|Action and Adventure~Espionage|Comedy",7,85,89,"TV-MA","FXX"
"735","Comedy","Broad City","Comedy",3,30,93,"TV-MA","Comedy Central"
"736","Reality and Game Shows","America's Next Top Model","Reality and Game Shows|Teen",22,283,71,"TV-14","CBS"
"737","Comedy","The Tonight Show Starring Jimmy Fallon","Comedy~Late Night Comedy",1,18,83,"TV-14","NBC"
"738","Comedy","Key & Peele","Comedy~Sketch Comedy",5,53,89,"TV-14","Comedy Central"
"739","Classics","The Golden Girls","Classics|Comedy~Sitcoms",7,180,92,"TV-PG","ABC Studios"
"740","Comedy","Steven Universe","Comedy|Kids|Teen",3,102,88,"TV-PG","Cartoon Network"
"741","Reality and Game Shows","Kitchen Nightmares","Reality and Game Shows~Real Life Drama|Food|Family",6,92,80,"TV-14","FOX"
"742","Comedy","The Last Man on Earth","Comedy|Science Fiction",3,48,87,"TV-14","FOX"
"743","Anime","Yu-Gi-Oh!","Anime~Anime - Tournament|Teen|Videogames",5,236,73,"TV-Y","4K Media"
"744","Drama","Elementary","Drama~Crime and Courtroom Drama",5,120,91,"TV-14","CBS"
"745","Reality and Game Shows","America's Got Talent","Reality and Game Shows~Competition|Teen",1,12,67,"TV-PG","NBC"
"746","Family","Sabrina: The Teenage Witch","Family|Comedy|Teen",7,163,78,"TV-G","CBS"
"747","Reality and Game Shows","Shark Tank","Reality and Game Shows~Real Life Drama|Family",2,5,86,"TV-PG","ABC"
"748","Kids","Teenage Mutant Ninja Turtles","Kids|Animation and Cartoons|Teen",4,100,76,"TV-Y7","Nickelodeon"
"749","Comedy","Arrested Development","Comedy~Sitcoms",3,53,94,"TV-14","Fox Television Classics"
"750","Science Fiction","Stargate SG-1","Science Fiction|Family",10,214,86,"TV-14","MGM"
"751","Anime","Fairy Tail","Anime|International~Japanese",8,349,90,"TV-14","Funimation"
"752","Reality and Game Shows","Top Chef","Reality and Game Shows~Competition|Food~Cooking Competitions|Family",13,203,85,"TV-14","Bravo"
"753","Drama","Scandal","Drama",1,5,94,"TV-14","ABC"
"754","Drama","Smallville","Drama~Romance|Science Fiction|Action and Adventure|Teen|Family",10,218,89,"Not Rated","Warner Bros."
"755","Action and Adventure","Grimm","Action and Adventure|Drama~Mystery|Horror and Suspense|Family",1,5,92,"TV-14","NBC"
"756","Drama","This Is Us","Drama|Comedy~Romantic Comedy",1,18,96,"TV-14","NBC"
"757","Food","MasterChef","Food~Cooking Competitions|Reality and Game Shows|Health and Wellness|Family",1,10,84,"TV-14","FOX"
"758","Kids","The Thundermans","Kids|Teen",3,69,80,"TV-G","Nickelodeon"
"759","Action and Adventure","Vikings","Action and Adventure~Military and War",4,49,96,"TV-14","History"
"760","Drama","Pretty Little Liars","Drama|Teen",1,5,90,"TV-14","Freeform"
"761","Reality and Game Shows","Jersey Shore","Reality and Game Shows~Real Life Drama|Teen",6,74,72,"TV-14","MTV"
"762","Drama","General Hospital","Drama~Soap Operas|Drama~Medical Drama",1,10,76,"TV-14","ABC"
"763","Drama","Blindspot","Drama~Crime and Courtroom Drama|Drama~Mystery",2,45,90,"TV-14","NBC"
"764","Comedy","Happy Endings","Comedy",3,57,87,"TV-14","Sony Pictures Television"
"765","Reality and Game Shows","Catfish: The TV Show","Reality and Game Shows~Real Life Drama|Teen",5,77,84,"TV-14","MTV"
"766","News and Information","Jimmy Kimmel Live","News and Information~Talk and Interview|Comedy~Late Night Comedy",1,16,66,"TV-14","ABC"
"767","Animation and Cartoons","The Cleveland Show","Animation and Cartoons~Primetime Animation|Comedy~Sitcoms",4,88,72,"TV-14","FOX"
"768","Health and Wellness","Project Runway","Health and Wellness|Reality and Game Shows~Competition|Lifestyle~Fashion and Beauty|Teen|Family",6,88,78,"TV-PG","Lifetime"
"769","Teen","Survivor","Teen|Reality and Game Shows~Competition|Family",21,319,80,"TV-14","CBS"
"770","Drama","Homeland","Drama",6,72,94,"TV-MA","SHOWTIME"
"771","Comedy","Awkward.","Comedy|Teen",5,89,90,"TV-14","MTV"
"772","Comedy","Fresh off the Boat","Comedy~Sitcoms|Family",3,60,88,"TV-PG","ABC"
"773","Comedy","Last Man Standing","Comedy|Family",1,22,88,"TV-PG","ABC"
"774","Reality and Game Shows","Dancing With the Stars","Reality and Game Shows~Competition|Family",0,0,65,"","ABC"
"775","Comedy","Reba","Comedy|Family",4,90,82,"Not Rated","Fox Television Classics"
"776","Reality and Game Shows","The Bachelorette","Reality and Game Shows",1,5,62,"TV-14","ABC"
"777","Reality and Game Shows","The Bachelor","Reality and Game Shows",0,0,59,"","ABC"
"778","Comedy","The Middle","Comedy|Family|Teen",1,5,85,"TV-PG","ABC"
"779","Comedy","Superstore","Comedy~Sitcoms|Family",1,22,89,"TV-14","NBC"
"780","Drama","Sleepy Hollow","Drama",4,62,91,"TV-14","FOX"
"781","Drama","Chicago Fire","Drama",1,5,93,"TV-14","NBC"
"782","Drama","Private Practice","Drama~Medical Drama|Health and Wellness",6,111,85,"TV-14","ABC"
"783","Drama","Lucifer","Drama",2,31,93,"TV-14","FOX"
"784","Drama","The O.C.","Drama|Drama~Romance|Teen",4,92,81,"TV-14","Warner Bros."
"785","Comedy","Inside Amy Schumer","Comedy~Sketch Comedy",4,39,75,"TV-MA","Comedy Central"
"786","Drama","Rizzoli & Isles","Drama~Police Drama|Drama~Medical Drama",7,105,89,"TV-14","TNT"
"787","Animation and Cartoons","Rugrats","Animation and Cartoons~Saturday Morning Cartoons|Kids",9,166,77,"TV-Y","Nickelodeon"
"788","Drama","Blue Bloods","Drama~Police Drama",7,155,91,"TV-14","CBS"
"789","Animation and Cartoons","Rabbids Invasion","Animation and Cartoons|Videogames|Kids",2,52,69,"TV-Y7","Nickelodeon"
"790","Comedy","Frasier","Comedy~Sitcoms",11,264,85,"TV-PG","CBS"
"791","Animation and Cartoons","Gravity Falls","Animation and Cartoons|Kids",2,40,92,"TV-Y7","Disney XD"
"792","Drama","Mistresses","Drama",4,52,86,"TV-14","ABC"
"793","Drama","Gotham","Drama",1,5,92,"TV-14","FOX"
"794","Anime","Inuyasha","Anime|International~Japanese",7,334,87,"TV-14","Viz Media"
"795","Animation and Cartoons","Clarence","Animation and Cartoons|Kids",2,77,67,"TV-PG","Cartoon Network"
"796","Kids","Drake & Josh","Kids|Comedy",4,47,79,"TV-G","Nickelodeon"
"797","Animation and Cartoons","Hey Arnold!","Animation and Cartoons~Saturday Morning Cartoons|Kids|Teen",5,99,82,"TV-Y7","Nickelodeon"
"798","Drama","East Los High","Drama|Latino|Teen",4,60,83,"TV-14","Hulu Original Series"
"799","Kids","Sesame Street","Kids",3,60,67,"TV-Y","Sesame Street"
"800","Comedy","Casual","Comedy",3,36,91,"TV-MA","Hulu Original Series"
"801","Comedy","Saturday Night Live","Comedy~Sketch Comedy|Comedy~Late Night Comedy",18,370,82,"TV-14","NBC"
"802","Comedy","The Mindy Project","Comedy~Sitcoms",5,107,89,"TV-14","Hulu Original Series"
"803","Comedy","Community","Comedy",6,110,92,"TV-14","Sony Pictures Television"
"804","Drama","Grey's Anatomy","Drama~Medical Drama|Teen",1,24,89,"TV-14","ABC"
"805","Comedy","The Simpsons","Comedy~Sitcoms|Animation and Cartoons~Primetime Animation",1,21,85,"TV-14","FOX"
"806","Comedy","Brooklyn Nine-Nine","Comedy",4,90,91,"TV-14","FOX"
"807","Comedy","Parks and Recreation","Comedy~Sitcoms",7,123,92,"TV-14","NBC"
"808","Kids","The Amazing World of Gumball","Kids|Animation and Cartoons|Family|Teen",4,156,80,"TV-Y7-FV","Cartoon Network"
"809","Animation and Cartoons","Bob's Burgers","Animation and Cartoons~Primetime Animation|Comedy",7,129,86,"TV-14","FOX"
"810","Comedy","New Girl","Comedy~Sitcoms|Teen",1,22,92,"TV-14","FOX"
"811","Drama","Glee","Drama|Music~Musicals|Comedy|Teen",6,121,84,"TV-14","FOX"
"812","Drama","Bones","Drama~Crime and Courtroom Drama",12,246,92,"TV-14","FOX"
"813","Drama","Nashville","Drama|Music~Musicals",5,107,88,"TV-MA","CMT"
"814","Kids","Regular Show","Kids|Animation and Cartoons|Teen",7,217,81,"TV-PG","Cartoon Network"
"815","Drama","Once Upon a Time","Drama|Science Fiction~Science Fiction - Thriller|Teen|Family",1,22,94,"TV-PG","ABC"
"816","Animation and Cartoons","Rick and Morty","Animation and Cartoons~Primetime Animation|Teen",2,21,95,"TV-MA","Adult Swim"
"817","Comedy","Workaholics","Comedy",7,86,92,"TV-MA","Comedy Central"
"818","Anime","Bleach","Anime~Anime - Supernatural and Horror|International~Japanese|Teen",26,732,88,"TV-14","Viz Media"
"819","Anime","One Piece","Anime|International~Japanese",11,747,83,"TV-14","Toei Animation"
"820","Reality and Game Shows","The Voice","Reality and Game Shows~Competition|Music|Teen|Family",0,0,82,"","NBC"
"821","Animation and Cartoons","Doc McStuffins","Animation and Cartoons|Kids",3,92,70,"TV-Y7","Disney Junior"
"822","Reality and Game Shows","Hell's Kitchen","Reality and Game Shows~Competition|Food~Cooking Competitions|Family",0,0,81,"","FOX"
"823","Drama","Empire","Drama~Soap Operas|Music~Musicals",3,48,92,"TV-14","FOX"
"824","Comedy","It's Always Sunny in Philadelphia","Comedy~Sitcoms",11,123,90,"TV-MA","FXX"
"825","Reality and Game Shows","Keeping Up With the Kardashians","Reality and Game Shows~Real Life Drama|Teen",12,181,64,"TV-14","E! Entertainment"
"826","Drama","The Good Wife","Drama~Crime and Courtroom Drama",7,156,91,"TV-14","CBS"
"827","Kids","Curious George","Kids|Comedy|Animation and Cartoons",9,108,72,"TV-G","Universal Television"
"828","Anime","Naruto","Anime~Anime - Action Adventure|International~Japanese",4,440,84,"TV-14","Viz Media"
"829","Comedy","The Goldbergs","Comedy~Sitcoms|Family",4,95,88,"TV-14","ABC"
"830","Comedy","Black-ish","Comedy~Sitcoms|Family",3,72,85,"TV-14","ABC"
"831","Drama","Desperate Housewives","Drama",8,180,74,"TV-14","ABC"
"832","Drama","CSI: Crime Scene Investigation","Drama~Crime and Courtroom Drama",16,337,90,"TV-14","USA"
"833","Animation and Cartoons","Archer","Animation and Cartoons~Primetime Animation|Action and Adventure~Espionage|Comedy",7,85,89,"TV-MA","FXX"
"834","Comedy","Broad City","Comedy",3,30,93,"TV-MA","Comedy Central"
"835","Reality and Game Shows","America's Next Top Model","Reality and Game Shows|Teen",22,283,71,"TV-14","CBS"
"836","Comedy","The Tonight Show Starring Jimmy Fallon","Comedy~Late Night Comedy",1,18,83,"TV-14","NBC"
"837","Comedy","Key & Peele","Comedy~Sketch Comedy",5,53,89,"TV-14","Comedy Central"
"838","Classics","The Golden Girls","Classics|Comedy~Sitcoms",7,180,92,"TV-PG","ABC Studios"
"839","Comedy","Steven Universe","Comedy|Kids|Teen",3,102,88,"TV-PG","Cartoon Network"
"840","Reality and Game Shows","Kitchen Nightmares","Reality and Game Shows~Real Life Drama|Food|Family",6,92,80,"TV-14","FOX"
"841","Comedy","The Last Man on Earth","Comedy|Science Fiction",3,48,87,"TV-14","FOX"
"842","Anime","Yu-Gi-Oh!","Anime~Anime - Tournament|Teen|Videogames",5,236,73,"TV-Y","4K Media"
"843","Drama","Elementary","Drama~Crime and Courtroom Drama",5,120,91,"TV-14","CBS"
"844","Reality and Game Shows","America's Got Talent","Reality and Game Shows~Competition|Teen",1,12,67,"TV-PG","NBC"
"845","Family","Sabrina: The Teenage Witch","Family|Comedy|Teen",7,163,78,"TV-G","CBS"
"846","Reality and Game Shows","Shark Tank","Reality and Game Shows~Real Life Drama|Family",2,5,86,"TV-PG","ABC"
"847","Kids","Teenage Mutant Ninja Turtles","Kids|Animation and Cartoons|Teen",4,100,76,"TV-Y7","Nickelodeon"
"848","Comedy","Arrested Development","Comedy~Sitcoms",3,53,94,"TV-14","Fox Television Classics"
"849","Science Fiction","Stargate SG-1","Science Fiction|Family",10,214,86,"TV-14","MGM"
"850","Anime","Fairy Tail","Anime|International~Japanese",8,349,90,"TV-14","Funimation"
"851","Reality and Game Shows","Top Chef","Reality and Game Shows~Competition|Food~Cooking Competitions|Family",13,203,85,"TV-14","Bravo"
"852","Drama","Scandal","Drama",1,5,94,"TV-14","ABC"
"853","Drama","Smallville","Drama~Romance|Science Fiction|Action and Adventure|Teen|Family",10,218,89,"Not Rated","Warner Bros."
"854","Action and Adventure","Grimm","Action and Adventure|Drama~Mystery|Horror and Suspense|Family",1,5,92,"TV-14","NBC"
"855","Drama","This Is Us","Drama|Comedy~Romantic Comedy",1,18,96,"TV-14","NBC"
"856","Food","MasterChef","Food~Cooking Competitions|Reality and Game Shows|Health and Wellness|Family",1,10,84,"TV-14","FOX"
"857","Kids","The Thundermans","Kids|Teen",3,69,80,"TV-G","Nickelodeon"
"858","Action and Adventure","Vikings","Action and Adventure~Military and War",4,49,96,"TV-14","History"
"859","Drama","Pretty Little Liars","Drama|Teen",1,5,90,"TV-14","Freeform"
"860","Reality and Game Shows","Jersey Shore","Reality and Game Shows~Real Life Drama|Teen",6,74,72,"TV-14","MTV"
"861","Drama","General Hospital","Drama~Soap Operas|Drama~Medical Drama",1,10,76,"TV-14","ABC"
"862","Drama","Blindspot","Drama~Crime and Courtroom Drama|Drama~Mystery",2,45,90,"TV-14","NBC"
"863","Comedy","Happy Endings","Comedy",3,57,87,"TV-14","Sony Pictures Television"
"864","Reality and Game Shows","Catfish: The TV Show","Reality and Game Shows~Real Life Drama|Teen",5,77,84,"TV-14","MTV"
"865","News and Information","Jimmy Kimmel Live","News and Information~Talk and Interview|Comedy~Late Night Comedy",1,16,66,"TV-14","ABC"
"866","Animation and Cartoons","The Cleveland Show","Animation and Cartoons~Primetime Animation|Comedy~Sitcoms",4,88,72,"TV-14","FOX"
"867","Health and Wellness","Project Runway","Health and Wellness|Reality and Game Shows~Competition|Lifestyle~Fashion and Beauty|Teen|Family",6,88,78,"TV-PG","Lifetime"
"868","Teen","Survivor","Teen|Reality and Game Shows~Competition|Family",21,319,80,"TV-14","CBS"
"869","Drama","Homeland","Drama",6,72,94,"TV-MA","SHOWTIME"
"870","Comedy","Awkward.","Comedy|Teen",5,89,90,"TV-14","MTV"
"871","Comedy","Fresh off the Boat","Comedy~Sitcoms|Family",3,60,88,"TV-PG","ABC"
"872","Comedy","Last Man Standing","Comedy|Family",1,22,88,"TV-PG","ABC"
"873","Reality and Game Shows","Dancing With the Stars","Reality and Game Shows~Competition|Family",0,0,65,"","ABC"
"874","Comedy","Reba","Comedy|Family",4,90,82,"Not Rated","Fox Television Classics"
"875","Reality and Game Shows","The Bachelorette","Reality and Game Shows",1,5,62,"TV-14","ABC"
"876","Reality and Game Shows","The Bachelor","Reality and Game Shows",0,0,59,"","ABC"
"877","Comedy","The Middle","Comedy|Family|Teen",1,5,85,"TV-PG","ABC"
"878","Comedy","Superstore","Comedy~Sitcoms|Family",1,22,89,"TV-14","NBC"
"879","Drama","Sleepy Hollow","Drama",4,62,91,"TV-14","FOX"
"880","Drama","Chicago Fire","Drama",1,5,93,"TV-14","NBC"
"881","Drama","Private Practice","Drama~Medical Drama|Health and Wellness",6,111,85,"TV-14","ABC"
"882","Drama","Lucifer","Drama",2,31,93,"TV-14","FOX"
"883","Drama","The O.C.","Drama|Drama~Romance|Teen",4,92,81,"TV-14","Warner Bros."
"884","Comedy","Inside Amy Schumer","Comedy~Sketch Comedy",4,39,75,"TV-MA","Comedy Central"
"885","Drama","Rizzoli & Isles","Drama~Police Drama|Drama~Medical Drama",7,105,89,"TV-14","TNT"
"886","Animation and Cartoons","Rugrats","Animation and Cartoons~Saturday Morning Cartoons|Kids",9,166,77,"TV-Y","Nickelodeon"
"887","Drama","Blue Bloods","Drama~Police Drama",7,155,91,"TV-14","CBS"
"888","Animation and Cartoons","Rabbids Invasion","Animation and Cartoons|Videogames|Kids",2,52,69,"TV-Y7","Nickelodeon"
"889","Comedy","Frasier","Comedy~Sitcoms",11,264,85,"TV-PG","CBS"
"890","Animation and Cartoons","Gravity Falls","Animation and Cartoons|Kids",2,40,92,"TV-Y7","Disney XD"
"891","Drama","Mistresses","Drama",4,52,86,"TV-14","ABC"
"892","Drama","Gotham","Drama",1,5,92,"TV-14","FOX"
"893","Anime","Inuyasha","Anime|International~Japanese",7,334,87,"TV-14","Viz Media"
"894","Animation and Cartoons","Clarence","Animation and Cartoons|Kids",2,77,67,"TV-PG","Cartoon Network"
"895","Kids","Drake & Josh","Kids|Comedy",4,47,79,"TV-G","Nickelodeon"
"896","Animation and Cartoons","Hey Arnold!","Animation and Cartoons~Saturday Morning Cartoons|Kids|Teen",5,99,82,"TV-Y7","Nickelodeon"
"897","Drama","East Los High","Drama|Latino|Teen",4,60,83,"TV-14","Hulu Original Series"
"898","Kids","Sesame Street","Kids",3,60,67,"TV-Y","Sesame Street"
"899","Comedy","Casual","Comedy",3,36,91,"TV-MA","Hulu Original Series"
"900","Drama","Chicago P.D.","Drama~Crime and Courtroom Drama|Drama~Police Drama",1,23,91,"TV-14","NBC"
"901","Comedy","The Mindy Project","Comedy~Sitcoms",5,107,89,"TV-14","Hulu Original Series"
"902","Comedy","Community","Comedy",6,110,92,"TV-14","Sony Pictures Television"
"903","Drama","Grey's Anatomy","Drama~Medical Drama|Teen",1,24,89,"TV-14","ABC"
"904","Comedy","The Simpsons","Comedy~Sitcoms|Animation and Cartoons~Primetime Animation",1,21,85,"TV-14","FOX"
"905","Comedy","Brooklyn Nine-Nine","Comedy",4,90,91,"TV-14","FOX"
"906","Comedy","Parks and Recreation","Comedy~Sitcoms",7,123,92,"TV-14","NBC"
"907","Kids","The Amazing World of Gumball","Kids|Animation and Cartoons|Family|Teen",4,156,80,"TV-Y7-FV","Cartoon Network"
"908","Animation and Cartoons","Bob's Burgers","Animation and Cartoons~Primetime Animation|Comedy",7,129,86,"TV-14","FOX"
"909","Comedy","New Girl","Comedy~Sitcoms|Teen",1,22,92,"TV-14","FOX"
"910","Drama","Glee","Drama|Music~Musicals|Comedy|Teen",6,121,84,"TV-14","FOX"
"911","Drama","Bones","Drama~Crime and Courtroom Drama",12,246,92,"TV-14","FOX"
"912","Drama","Nashville","Drama|Music~Musicals",5,107,88,"TV-MA","CMT"
"913","Kids","Regular Show","Kids|Animation and Cartoons|Teen",7,217,81,"TV-PG","Cartoon Network"
"914","Drama","Once Upon a Time","Drama|Science Fiction~Science Fiction - Thriller|Teen|Family",1,22,94,"TV-PG","ABC"
"915","Animation and Cartoons","Rick and Morty","Animation and Cartoons~Primetime Animation|Teen",2,21,95,"TV-MA","Adult Swim"
"916","Comedy","Workaholics","Comedy",7,86,92,"TV-MA","Comedy Central"
"917","Anime","Bleach","Anime~Anime - Supernatural and Horror|International~Japanese|Teen",26,732,88,"TV-14","Viz Media"
"918","Anime","One Piece","Anime|International~Japanese",11,747,83,"TV-14","Toei Animation"
"919","Reality and Game Shows","The Voice","Reality and Game Shows~Competition|Music|Teen|Family",0,0,82,"","NBC"
"920","Animation and Cartoons","Doc McStuffins","Animation and Cartoons|Kids",3,92,70,"TV-Y7","Disney Junior"
"921","Reality and Game Shows","Hell's Kitchen","Reality and Game Shows~Competition|Food~Cooking Competitions|Family",0,0,81,"","FOX"
"922","Drama","Empire","Drama~Soap Operas|Music~Musicals",3,48,92,"TV-14","FOX"
"923","Comedy","It's Always Sunny in Philadelphia","Comedy~Sitcoms",11,123,90,"TV-MA","FXX"
"924","Reality and Game Shows","Keeping Up With the Kardashians","Reality and Game Shows~Real Life Drama|Teen",12,181,64,"TV-14","E! Entertainment"
"925","Drama","The Good Wife","Drama~Crime and Courtroom Drama",7,156,91,"TV-14","CBS"
"926","Kids","Curious George","Kids|Comedy|Animation and Cartoons",9,108,72,"TV-G","Universal Television"
"927","Anime","Naruto","Anime~Anime - Action Adventure|International~Japanese",4,440,84,"TV-14","Viz Media"
"928","Comedy","The Goldbergs","Comedy~Sitcoms|Family",4,95,88,"TV-14","ABC"
"929","Comedy","Black-ish","Comedy~Sitcoms|Family",3,72,85,"TV-14","ABC"
"930","Drama","Desperate Housewives","Drama",8,180,74,"TV-14","ABC"
"931","Drama","CSI: Crime Scene Investigation","Drama~Crime and Courtroom Drama",16,337,90,"TV-14","USA"
"932","Animation and Cartoons","Archer","Animation and Cartoons~Primetime Animation|Action and Adventure~Espionage|Comedy",7,85,89,"TV-MA","FXX"
"933","Comedy","Broad City","Comedy",3,30,93,"TV-MA","Comedy Central"
"934","Reality and Game Shows","America's Next Top Model","Reality and Game Shows|Teen",22,283,71,"TV-14","CBS"
"935","Comedy","The Tonight Show Starring Jimmy Fallon","Comedy~Late Night Comedy",1,18,83,"TV-14","NBC"
"936","Comedy","Key & Peele","Comedy~Sketch Comedy",5,53,89,"TV-14","Comedy Central"
"937","Classics","The Golden Girls","Classics|Comedy~Sitcoms",7,180,92,"TV-PG","ABC Studios"
"938","Comedy","Steven Universe","Comedy|Kids|Teen",3,102,88,"TV-PG","Cartoon Network"
"939","Reality and Game Shows","Kitchen Nightmares","Reality and Game Shows~Real Life Drama|Food|Family",6,92,80,"TV-14","FOX"
"940","Comedy","The Last Man on Earth","Comedy|Science Fiction",3,48,87,"TV-14","FOX"
"941","Anime","Yu-Gi-Oh!","Anime~Anime - Tournament|Teen|Videogames",5,236,73,"TV-Y","4K Media"
"942","Drama","Elementary","Drama~Crime and Courtroom Drama",5,120,91,"TV-14","CBS"
"943","Reality and Game Shows","America's Got Talent","Reality and Game Shows~Competition|Teen",1,12,67,"TV-PG","NBC"
"944","Family","Sabrina: The Teenage Witch","Family|Comedy|Teen",7,163,78,"TV-G","CBS"
"945","Reality and Game Shows","Shark Tank","Reality and Game Shows~Real Life Drama|Family",2,5,86,"TV-PG","ABC"
"946","Kids","Teenage Mutant Ninja Turtles","Kids|Animation and Cartoons|Teen",4,100,76,"TV-Y7","Nickelodeon"
"947","Comedy","Arrested Development","Comedy~Sitcoms",3,53,94,"TV-14","Fox Television Classics"
"948","Science Fiction","Stargate SG-1","Science Fiction|Family",10,214,86,"TV-14","MGM"
"949","Anime","Fairy Tail","Anime|International~Japanese",8,349,90,"TV-14","Funimation"
"950","Reality and Game Shows","Top Chef","Reality and Game Shows~Competition|Food~Cooking Competitions|Family",13,203,85,"TV-14","Bravo"
"951","Drama","Scandal","Drama",1,5,94,"TV-14","ABC"
"952","Drama","Smallville","Drama~Romance|Science Fiction|Action and Adventure|Teen|Family",10,218,89,"Not Rated","Warner Bros."
"953","Action and Adventure","Grimm","Action and Adventure|Drama~Mystery|Horror and Suspense|Family",1,5,92,"TV-14","NBC"
"954","Drama","This Is Us","Drama|Comedy~Romantic Comedy",1,18,96,"TV-14","NBC"
"955","Food","MasterChef","Food~Cooking Competitions|Reality and Game Shows|Health and Wellness|Family",1,10,84,"TV-14","FOX"
"956","Kids","The Thundermans","Kids|Teen",3,69,80,"TV-G","Nickelodeon"
"957","Action and Adventure","Vikings","Action and Adventure~Military and War",4,49,96,"TV-14","History"
"958","Drama","Pretty Little Liars","Drama|Teen",1,5,90,"TV-14","Freeform"
"959","Reality and Game Shows","Jersey Shore","Reality and Game Shows~Real Life Drama|Teen",6,74,72,"TV-14","MTV"
"960","Drama","General Hospital","Drama~Soap Operas|Drama~Medical Drama",1,10,76,"TV-14","ABC"
"961","Drama","Blindspot","Drama~Crime and Courtroom Drama|Drama~Mystery",2,45,90,"TV-14","NBC"
"962","Comedy","Happy Endings","Comedy",3,57,87,"TV-14","Sony Pictures Television"
"963","Reality and Game Shows","Catfish: The TV Show","Reality and Game Shows~Real Life Drama|Teen",5,77,84,"TV-14","MTV"
"964","News and Information","Jimmy Kimmel Live","News and Information~Talk and Interview|Comedy~Late Night Comedy",1,16,66,"TV-14","ABC"
"965","Animation and Cartoons","The Cleveland Show","Animation and Cartoons~Primetime Animation|Comedy~Sitcoms",4,88,72,"TV-14","FOX"
"966","Health and Wellness","Project Runway","Health and Wellness|Reality and Game Shows~Competition|Lifestyle~Fashion and Beauty|Teen|Family",6,88,78,"TV-PG","Lifetime"
"967","Teen","Survivor","Teen|Reality and Game Shows~Competition|Family",21,319,80,"TV-14","CBS"
"968","Drama","Homeland","Drama",6,72,94,"TV-MA","SHOWTIME"
"969","Comedy","Awkward.","Comedy|Teen",5,89,90,"TV-14","MTV"
"970","Comedy","Fresh off the Boat","Comedy~Sitcoms|Family",3,60,88,"TV-PG","ABC"
"971","Comedy","Last Man Standing","Comedy|Family",1,22,88,"TV-PG","ABC"
"972","Reality and Game Shows","Dancing With the Stars","Reality and Game Shows~Competition|Family",0,0,65,"","ABC"
"973","Comedy","Reba","Comedy|Family",4,90,82,"Not Rated","Fox Television Classics"
"974","Reality and Game Shows","The Bachelorette","Reality and Game Shows",1,5,62,"TV-14","ABC"
"975","Reality and Game Shows","The Bachelor","Reality and Game Shows",0,0,59,"","ABC"
"976","Comedy","The Middle","Comedy|Family|Teen",1,5,85,"TV-PG","ABC"
"977","Comedy","Superstore","Comedy~Sitcoms|Family",1,22,89,"TV-14","NBC"
"978","Drama","Sleepy Hollow","Drama",4,62,91,"TV-14","FOX"
"979","Drama","Chicago Fire","Drama",1,5,93,"TV-14","NBC"
"980","Drama","Private Practice","Drama~Medical Drama|Health and Wellness",6,111,85,"TV-14","ABC"
"981","Drama","Lucifer","Drama",2,31,93,"TV-14","FOX"
"982","Drama","The O.C.","Drama|Drama~Romance|Teen",4,92,81,"TV-14","Warner Bros."
"983","Comedy","Inside Amy Schumer","Comedy~Sketch Comedy",4,39,75,"TV-MA","Comedy Central"
"984","Drama","Rizzoli & Isles","Drama~Police Drama|Drama~Medical Drama",7,105,89,"TV-14","TNT"
"985","Animation and Cartoons","Rugrats","Animation and Cartoons~Saturday Morning Cartoons|Kids",9,166,77,"TV-Y","Nickelodeon"
"986","Drama","Blue Bloods","Drama~Police Drama",7,155,91,"TV-14","CBS"
"987","Animation and Cartoons","Rabbids Invasion","Animation and Cartoons|Videogames|Kids",2,52,69,"TV-Y7","Nickelodeon"
"988","Comedy","Frasier","Comedy~Sitcoms",11,264,85,"TV-PG","CBS"
"989","Animation and Cartoons","Gravity Falls","Animation and Cartoons|Kids",2,40,92,"TV-Y7","Disney XD"
"990","Drama","Mistresses","Drama",4,52,86,"TV-14","ABC"
"991","Drama","Gotham","Drama",1,5,92,"TV-14","FOX"
"992","Anime","Inuyasha","Anime|International~Japanese",7,334,87,"TV-14","Viz Media"
"993","Animation and Cartoons","Clarence","Animation and Cartoons|Kids",2,77,67,"TV-PG","Cartoon Network"
"994","Kids","Drake & Josh","Kids|Comedy",4,47,79,"TV-G","Nickelodeon"
"995","Animation and Cartoons","Hey Arnold!","Animation and Cartoons~Saturday Morning Cartoons|Kids|Teen",5,99,82,"TV-Y7","Nickelodeon"
"996","Drama","East Los High","Drama|Latino|Teen",4,60,83,"TV-14","Hulu Original Series"
"997","Kids","Sesame Street","Kids",3,60,67,"TV-Y","Sesame Street"
"998","Comedy","Casual","Comedy",3,36,91,"TV-MA","Hulu Original Series"
"999","Drama","Chicago P.D.","Drama~Crime and Courtroom Drama|Drama~Police Drama",1,23,91,"TV-14","NBC"
"1000","Kids","Ready, Steady, Wiggle!","Kids",2,104,44,"TV-G","Australian Broadcasting Corporation"
